AUN,School District,County,2015-16 Average Daily Membership,2015-16 Weighted Average Daily Membership,"Instruction
per ADM","Support Services
per ADM","Non-Instructional
per ADM","Current Exp
per ADM","Facilites, Acquistion & Construction
per ADM","Other Financing Uses
per ADM","Total Exp
per ADM",AIE per WADM
112011103,Bermudian Springs SD,Adams,2072.98,2432.10,7134.14,3668.56,434.48,11237.18,768.67,1007.48,13013.34,6930.13
112011603,Conewago Valley SD,Adams,3955.78,4616.62,9086.35,3057.08,194.03,12337.46,0.00,2659.07,14996.53,7828.15
112013054,Fairfield Area SD,Adams,1082.05,1282.35,8506.68,4431.38,441.78,13379.83,0.00,7185.62,20565.46,8564.97
112013753,Gettysburg Area SD,Adams,3110.40,3629.50,10866.80,5541.58,346.48,16754.86,0.00,1783.44,18538.30,10855.42
112015203,Littlestown Area SD,Adams,2060.91,2425.96,9173.03,3368.46,235.06,12776.55,0.00,921.67,13698.22,8307.73
112018523,Upper Adams SD,Adams,1777.65,2067.83,8286.79,4967.87,360.96,13615.63,0.00,1070.12,14685.74,8517.23
103020603,Allegheny Valley SD,Allegheny,958.32,1123.57,10979.97,7320.95,688.13,18989.05,0.00,3599.21,22588.27,12379.69
103020753,Avonworth SD,Allegheny,1652.53,1913.95,9502.60,4696.05,554.05,14752.70,0.00,1590.55,16343.25,9891.57
103021102,Baldwin-Whitehall SD,Allegheny,4281.77,5035.83,7796.94,4616.62,323.41,12736.97,446.18,1465.32,14648.47,8026.24
103021252,Bethel Park SD,Allegheny,4286.67,5050.10,11736.96,5080.21,366.31,17183.48,14.08,2113.64,19311.19,11290.69
103021453,Brentwood Borough SD,Allegheny,1237.76,1437.19,10246.16,4503.77,547.84,15297.76,61.99,8046.49,23406.24,9771.83
103021603,Carlynton SD,Allegheny,1449.99,1692.84,11279.56,6225.45,419.33,17924.34,1.60,5.35,17931.29,11355.60
103021752,Chartiers Valley SD,Allegheny,3415.29,3993.85,10577.45,5326.54,447.63,16351.63,0.06,1431.69,17783.38,10714.09
103021903,Clairton City SD,Allegheny,902.90,1031.49,11327.34,4694.06,389.96,16411.36,0.00,146.43,16557.79,10032.66
103022103,Cornell SD,Allegheny,698.43,816.33,11196.62,5487.10,599.59,17283.32,0.00,1665.80,18949.11,10822.81
103022253,Deer Lakes SD,Allegheny,2005.48,2339.94,8755.97,5951.89,277.77,14985.63,0.00,2133.48,17119.10,9264.67
103022503,Duquesne City SD,Allegheny,803.43,929.02,13997.81,5581.94,31.87,19611.62,0.00,1937.01,21548.63,12171.67
103022803,East Allegheny SD,Allegheny,1886.64,2196.06,10446.43,4706.91,212.65,15365.99,0.00,1482.90,16848.89,8606.90
103023153,Elizabeth Forward SD,Allegheny,2390.13,2794.03,9364.76,5013.12,439.22,14817.11,59.77,1411.95,16288.83,9240.55
103023912,Fox Chapel Area SD,Allegheny,4207.31,4959.09,12991.83,6576.41,574.61,20142.86,27.07,1226.87,21396.79,13494.97
103024102,Gateway SD,Allegheny,3608.17,4248.49,11783.73,5275.19,299.96,17358.88,0.00,1394.17,18753.05,11375.13
103024603,Hampton Township SD,Allegheny,2942.26,3420.08,9042.56,4741.93,412.41,14196.90,0.00,2113.00,16309.90,9508.95
103024753,Highlands SD,Allegheny,2663.74,3112.88,9794.84,5037.07,265.94,15097.85,0.00,970.58,16068.43,8990.95
103025002,Keystone Oaks SD,Allegheny,1936.30,2267.53,10964.71,6363.77,542.09,17870.56,0.00,2444.00,20314.57,11316.97
103026002,McKeesport Area SD,Allegheny,4010.03,4669.42,8862.25,3790.88,243.02,12896.15,0.00,1166.47,14062.62,6949.71
103026303,Montour SD,Allegheny,2922.71,3441.51,11603.44,6145.41,423.24,18172.09,14.02,2649.88,20836.00,12071.83
103026343,Moon Area SD,Allegheny,3826.28,4486.63,10231.22,5147.30,405.78,15784.31,0.00,3041.39,18825.70,10620.24
103026402,Mt Lebanon SD,Allegheny,5386.38,6151.86,9838.07,4429.59,440.26,14707.92,0.00,1998.67,16706.59,10549.10
103026852,North Allegheny SD,Allegheny,8301.08,9510.73,9935.08,4951.31,408.48,15294.87,23.19,1786.31,17104.37,10612.39
103026902,North Hills SD,Allegheny,4338.49,5067.76,10082.07,4567.86,307.34,14957.26,2.37,1857.77,16817.40,9841.71
103026873,Northgate SD,Allegheny,1219.23,1420.64,10238.04,5289.09,415.00,15942.13,150.77,707.67,16800.57,9976.35
103027352,Penn Hills SD,Allegheny,4568.52,5383.41,10875.03,5604.71,238.63,16718.37,0.00,2652.06,19370.43,9867.89
103021003,Pine-Richland SD,Allegheny,4652.83,5348.12,9333.72,4433.12,372.80,14139.64,210.78,3394.85,17745.28,9730.48
102027451,Pittsburgh SD,Allegheny,27226.82,31538.19,13586.39,6901.02,216.15,20703.55,65.49,2741.91,23510.96,12651.51
103027503,Plum Borough SD,Allegheny,3953.03,4655.04,9218.17,4181.55,321.01,13720.73,5.95,1878.55,15605.24,8868.15
103027753,Quaker Valley SD,Allegheny,1867.71,2145.99,11848.02,7219.22,819.59,19886.83,0.00,3765.92,23652.75,13703.97
103028203,Riverview SD,Allegheny,984.75,1159.58,11212.27,7340.74,744.76,19297.78,510.03,1347.23,21155.04,13014.99
103028302,Shaler Area SD,Allegheny,4578.55,5373.65,9830.97,5080.94,411.25,15323.16,8.72,1408.54,16740.42,9554.94
103028653,South Allegheny SD,Allegheny,1567.07,1837.13,8984.14,4557.90,359.71,13901.75,44.27,1085.10,15031.12,8494.60
103028703,South Fayette Township SD,Allegheny,3046.52,3420.63,7373.22,5608.79,505.21,13487.22,0.00,2402.92,15890.14,8669.15
103028753,South Park SD,Allegheny,1922.10,2228.58,7982.91,4742.22,481.81,13206.94,0.00,3223.01,16429.95,8437.43
103028833,Steel Valley SD,Allegheny,1761.81,2059.68,11693.22,5558.25,475.02,17726.49,2.39,4405.96,22134.84,10806.81
103028853,Sto-Rox SD,Allegheny,1749.79,1998.93,9257.26,4029.05,161.52,13447.83,0.00,898.74,14346.57,7566.57
103029203,Upper Saint Clair SD,Allegheny,4117.04,4769.08,9535.47,5813.22,369.48,15718.18,0.00,4653.96,20372.14,10382.92
103029403,West Allegheny SD,Allegheny,3380.91,3960.30,8391.48,5330.31,495.54,14217.34,50.36,2295.97,16563.67,9242.78
103029553,West Jefferson Hills SD,Allegheny,2922.28,3316.19,8038.91,4959.53,428.66,13427.10,0.00,1354.66,14781.76,8837.44
103029603,West Mifflin Area SD,Allegheny,2658.31,3129.57,10779.88,5342.69,504.03,16626.59,42.54,11895.07,28564.20,9384.60
103029803,Wilkinsburg Borough SD,Allegheny,1144.63,1301.57,17877.12,5295.49,183.88,23356.49,0.00,3206.97,26563.46,15402.40
103029902,Woodland Hills SD,Allegheny,4971.39,5780.02,11091.77,4407.20,256.36,15755.33,0.00,1181.75,16937.08,9837.51
128030603,Apollo-Ridge SD,Armstrong,1364.91,1613.03,9433.64,4757.70,304.64,14495.98,152.30,1121.84,15770.12,8461.23
128030852,Armstrong SD,Armstrong,5480.03,6280.47,10366.88,4471.49,237.44,15075.80,25.18,1759.65,16860.64,8552.67
128033053,Freeport Area SD,Armstrong,1890.54,2229.28,8430.10,4490.89,295.66,13216.65,0.00,1441.23,14657.88,8403.01
128034503,Leechburg Area SD,Armstrong,798.33,911.17,10204.13,4388.36,486.72,15079.21,0.00,720.86,15800.07,9721.42
127040503,Aliquippa SD,Beaver,1260.81,1447.76,9626.19,5127.10,343.58,15096.88,0.00,1794.10,16890.97,8331.23
127040703,Ambridge Area SD,Beaver,2917.02,3392.84,9001.56,4019.70,267.58,13288.83,0.00,1902.79,15191.63,8213.87
127041203,Beaver Area SD,Beaver,2108.51,2403.92,7217.62,4787.92,370.75,12376.29,6.47,1314.69,13697.46,7705.28
127041503,Big Beaver Falls Area SD,Beaver,1772.32,2049.82,8611.33,4734.46,404.73,13750.52,88.55,1020.50,14859.56,8503.98
127041603,Blackhawk SD,Beaver,2517.76,2963.68,7642.17,3993.90,444.08,12080.15,45.29,1232.42,13357.86,7673.03
127042003,Central Valley SD,Beaver,2461.66,2772.04,8327.83,4197.92,399.47,12925.22,0.00,584.30,13509.51,8729.87
127042853,Freedom Area SD,Beaver,1492.15,1742.86,8776.27,4231.67,354.83,13362.78,30.81,1341.40,14734.98,8592.50
127044103,Hopewell Area SD,Beaver,2194.63,2578.17,9707.12,5175.50,382.37,15264.99,0.00,1542.24,16807.22,9496.81
127045303,Midland Borough SD,Beaver,420.27,486.28,8483.07,3534.70,32.50,12050.26,0.00,504.81,12555.08,7589.35
127045653,New Brighton Area SD,Beaver,1512.10,1768.77,8709.04,4248.16,413.68,13370.87,164.75,1149.37,14684.99,7928.16
127045853,Riverside Beaver County SD,Beaver,1521.14,1793.00,8622.92,4710.21,340.00,13673.14,0.00,1190.97,14864.10,8522.45
127046903,Rochester Area SD,Beaver,800.38,927.47,12332.90,5366.80,362.50,18062.19,0.00,13515.38,31577.57,11383.23
127047404,South Side Area SD,Beaver,1118.54,1319.36,11659.97,6977.48,539.54,19176.99,21.03,1223.22,20421.25,12148.29
127049303,Western Beaver County SD,Beaver,769.92,907.34,9975.55,4924.78,254.06,15154.39,12.97,651.99,15819.35,9301.13
108051003,Bedford Area SD,Bedford,2068.77,2458.74,7848.99,4431.00,224.11,12504.09,0.00,6813.94,19318.04,7153.20
108051503,Chestnut Ridge SD,Bedford,1525.23,1802.62,7258.52,4303.77,300.13,11862.42,4.58,1068.74,12935.73,6693.09
108053003,Everett Area SD,Bedford,1370.54,1612.89,7858.02,4197.06,352.47,12407.55,0.00,1954.00,14361.55,7161.80
108056004,Northern Bedford County SD,Bedford,966.45,1117.90,8005.56,3893.87,311.48,12210.91,0.00,581.35,12792.27,7145.24
108058003,Tussey Mountain SD,Bedford,1028.79,1174.44,9007.32,5269.23,334.23,14610.79,25.87,9342.04,23978.69,8555.02
114060503,Antietam SD,Berks,1070.04,1230.12,9151.58,5371.37,347.58,14870.53,0.00,10553.08,25423.60,10075.11
114060753,Boyertown Area SD,Berks,7138.74,8159.90,9136.65,4383.00,205.07,13724.72,0.00,1393.48,15118.21,9159.65
114060853,Brandywine Heights Area SD,Berks,1499.80,1772.76,11003.60,5581.85,387.84,16973.29,140.06,2976.54,20089.88,10950.19
114061103,Conrad Weiser Area SD,Berks,2663.96,3142.75,10696.48,4585.52,319.55,15601.56,0.00,1877.88,17479.43,9585.31
114061503,Daniel Boone Area SD,Berks,3525.48,4078.40,8786.96,4138.00,190.08,13115.04,0.00,4629.70,17744.74,8393.45
114062003,Exeter Township SD,Berks,4103.86,4860.76,9642.36,4382.77,329.17,14354.30,160.36,2281.94,16796.60,9464.57
114062503,Fleetwood Area SD,Berks,2596.47,3073.76,9414.02,4417.51,252.13,14083.67,0.00,2243.58,16327.24,9045.81
114063003,Governor Mifflin SD,Berks,4117.68,4834.20,9328.17,4399.37,384.48,14112.02,1.34,1718.52,15831.88,9403.58
114063503,Hamburg Area SD,Berks,2262.16,2664.64,9360.83,4902.68,366.94,14630.44,0.00,2094.76,16725.19,9316.69
114064003,Kutztown Area SD,Berks,1386.51,1632.83,12608.11,6670.01,502.56,19780.68,87.65,2515.81,22384.14,13188.11
114065503,Muhlenberg SD,Berks,3711.29,4373.17,8255.94,4015.50,386.28,12657.71,12.37,1869.77,14539.85,8229.78
114066503,Oley Valley SD,Berks,1710.62,2022.51,9821.97,5571.72,452.32,15846.01,0.00,1733.37,17579.38,10192.48
114067002,Reading SD,Berks,18348.32,20887.23,7442.07,3494.48,158.84,11095.39,0.00,774.59,11869.98,6534.33
114067503,Schuylkill Valley SD,Berks,2056.84,2402.63,10683.73,4201.20,558.53,15443.47,0.00,2619.48,18062.95,10033.46
114068003,Tulpehocken Area SD,Berks,1443.06,1699.72,11510.88,6050.79,317.64,17879.31,0.00,2281.32,20160.63,11295.95
114068103,Twin Valley SD,Berks,3482.30,4081.52,9794.32,4351.01,223.68,14369.01,4.79,1886.87,16260.67,9127.82
114069103,Wilson  SD,Berks,6094.08,7167.00,8686.66,4278.45,375.71,13340.82,0.00,2383.79,15724.61,8842.31
114069353,Wyomissing Area SD,Berks,1972.72,2328.65,8718.95,5186.48,467.07,14372.50,0.00,2023.66,16396.16,9717.63
108070502,Altoona Area SD,Blair,7945.22,9267.42,7441.86,3730.79,235.76,11408.42,0.00,360.67,11769.09,6428.50
108071003,Bellwood-Antis SD,Blair,1259.77,1468.19,7006.33,3938.49,367.60,11312.42,0.00,969.03,12281.45,7111.22
108071504,Claysburg-Kimmel SD,Blair,868.38,1018.95,6963.83,4145.32,354.64,11463.79,0.00,1419.27,12883.06,6585.90
108073503,Hollidaysburg Area SD,Blair,3478.05,4090.02,7492.29,4031.15,267.81,11791.25,0.00,9705.62,21496.87,7464.98
108077503,Spring Cove SD,Blair,1924.55,2226.52,7381.58,3758.17,283.52,11423.27,0.00,1318.17,12741.43,6950.08
108078003,Tyrone Area SD,Blair,1843.36,2112.97,6765.72,4358.43,265.25,11389.41,19.47,596.74,12005.61,6498.12
108079004,Williamsburg Community SD,Blair,498.69,578.55,7720.12,4604.29,481.21,12805.62,0.00,1434.45,14240.07,7693.99
117080503,Athens Area SD,Bradford,2137.21,2503.12,9224.48,4651.17,241.86,14117.51,108.77,2002.34,16228.61,8611.61
117081003,Canton Area SD,Bradford,918.20,1069.69,9900.21,4482.02,381.09,14763.31,16.42,1533.69,16313.42,8882.47
117083004,Northeast Bradford SD,Bradford,848.39,998.84,9817.15,5532.16,349.19,15698.50,0.00,978.97,16677.47,9745.12
117086003,Sayre Area SD,Bradford,1044.37,1197.66,11081.50,5378.15,520.74,16980.39,1.03,204.11,17185.54,11403.57
117086503,Towanda Area SD,Bradford,1601.33,1820.66,8608.76,4240.41,359.18,13208.35,43.04,1890.08,15141.47,7834.39
117086653,Troy Area SD,Bradford,1475.68,1720.36,8584.30,4546.65,333.45,13464.39,5.87,15851.58,29321.84,7872.06
117089003,Wyalusing Area SD,Bradford,1327.54,1551.28,8934.25,4858.16,292.28,14084.69,0.00,5484.09,19568.78,8630.29
122091002,Bensalem Township SD,Bucks,7617.35,8864.51,11628.29,5125.61,198.09,16951.99,0.00,1379.29,18331.28,11338.90
122091303,Bristol Borough SD,Bucks,1386.96,1610.78,11096.78,3827.44,274.21,15198.42,129.48,20106.89,35434.79,10384.54
122091352,Bristol Township SD,Bucks,7231.68,8415.15,11653.70,4765.71,155.97,16575.39,0.00,1146.86,17722.25,11018.28
122092002,Centennial SD,Bucks,5628.60,6462.27,11464.88,5315.84,248.25,17028.98,0.00,2194.42,19223.40,11683.34
122092102,Central Bucks SD,Bucks,18865.06,21952.37,8924.73,4499.59,342.88,13767.20,0.00,2457.44,16224.64,8970.73
122092353,Council Rock SD,Bucks,11055.98,12819.08,12592.18,5234.60,328.79,18155.57,0.00,1823.33,19978.89,12250.99
122097203,Morrisville Borough SD,Bucks,974.35,1095.09,13182.40,4610.28,472.89,18265.57,0.00,845.29,19110.86,12960.37
122097502,Neshaminy SD,Bucks,9075.30,10646.30,12032.70,5186.53,198.78,17418.00,75.31,6175.57,23668.88,11596.31
122097604,New Hope-Solebury SD,Bucks,1486.99,1767.13,13950.60,8753.00,579.35,23282.95,0.00,2533.72,25816.68,16242.65
122098003,Palisades SD,Bucks,1677.44,1974.73,13437.69,7451.05,625.49,21514.23,67.73,1965.20,23547.16,14207.23
122098103,Pennridge SD,Bucks,7492.59,8635.89,9723.38,4482.89,201.68,14407.95,0.00,3435.43,17843.37,9765.76
122098202,Pennsbury SD,Bucks,11084.77,13047.51,10904.18,4616.03,119.22,15639.44,0.00,5759.07,21398.50,10412.06
122098403,Quakertown Community SD,Bucks,5450.62,6288.95,10958.81,4926.41,188.69,16073.91,331.23,1767.23,18172.38,10964.28
104101252,Butler Area SD,Butler,7125.74,8179.90,8350.11,4047.55,231.17,12628.83,0.00,1178.24,13807.07,7804.74
104103603,Karns City Area SD,Butler,1551.82,1825.59,8753.89,4667.19,265.81,13686.90,316.14,642.24,14645.27,7980.58
104105003,Mars Area SD,Butler,3334.16,3827.98,7120.70,4006.97,383.75,11511.42,0.00,1649.29,13160.71,7870.06
104105353,Moniteau SD,Butler,1363.66,1566.49,7639.32,4709.31,805.13,13153.76,0.00,995.46,14149.23,7821.78
104107903,Seneca Valley SD,Butler,7334.51,8419.34,9421.03,4104.85,263.24,13789.12,1.93,1336.50,15127.55,8939.98
104107503,Slippery Rock Area SD,Butler,2179.76,2565.31,8832.71,3748.41,394.03,12975.15,137.17,778.40,13890.72,8371.57
104107803,South Butler County SD,Butler,2495.52,2916.36,7375.50,4356.66,389.58,12121.73,0.00,1283.08,13404.81,7601.10
108110603,Blacklick Valley SD,Cambria,680.67,773.93,8724.80,5119.41,534.51,14378.72,0.00,1120.61,15499.33,8862.75
108111203,Cambria Heights SD,Cambria,1419.30,1672.68,8395.54,4364.64,376.18,13136.36,30.36,653.18,13819.91,7922.03
108111303,Central Cambria SD,Cambria,1701.50,1997.44,7741.60,3995.23,260.51,11997.33,0.00,639.73,12637.06,7171.59
108111403,Conemaugh Valley SD,Cambria,802.65,950.24,7911.33,4829.45,548.86,13289.65,0.00,1005.80,14295.45,7881.12
108112003,Ferndale Area SD,Cambria,708.44,812.01,9627.52,5515.29,350.48,15493.29,0.00,0.70,15493.99,9724.33
108112203,Forest Hills SD,Cambria,1918.18,2204.53,7904.31,4048.69,437.64,12390.64,0.00,636.99,13027.63,7696.41
108112502,Greater Johnstown SD,Cambria,3107.70,3586.15,9210.29,4142.11,383.30,13735.70,1300.08,868.27,15904.05,8743.10
108114503,Northern Cambria SD,Cambria,1077.14,1267.43,8880.67,4655.97,359.90,13896.54,0.00,681.88,14578.42,8320.70
108116003,Penn Cambria SD,Cambria,1682.43,1978.60,7868.90,4266.90,310.91,12446.71,7.36,931.06,13385.13,7163.79
108116303,Portage Area SD,Cambria,931.81,1048.81,7617.82,4398.72,586.29,12602.83,3.39,459.84,13066.06,7978.16
108116503,Richland SD,Cambria,1609.26,1902.00,7097.23,3765.38,471.47,11334.07,0.00,1647.08,12981.15,7481.44
108118503,Westmont Hilltop SD,Cambria,1488.77,1760.18,8663.82,3936.41,458.05,13058.28,576.47,270.84,13905.59,8557.81
109122703,Cameron County SD,Cameron,604.25,712.93,11461.50,5641.93,528.25,17631.68,0.00,13613.04,31244.73,11559.03
121135003,Jim Thorpe Area SD,Carbon,2173.04,2553.15,10899.62,5310.03,415.92,16625.57,0.00,4414.83,21040.40,10351.71
121135503,Lehighton Area SD,Carbon,2511.59,2926.21,9377.37,4059.20,366.48,13803.05,2567.57,1152.17,17522.79,9099.49
121136503,Palmerton Area SD,Carbon,1949.52,2242.56,9256.88,3637.62,401.26,13295.75,0.00,2394.81,15690.56,8527.93
121136603,Panther Valley SD,Carbon,1789.15,2032.03,9208.00,3387.57,244.99,12840.56,0.00,3380.12,16220.68,7929.31
121139004,Weatherly Area SD,Carbon,649.92,774.15,11344.37,6851.32,364.25,18559.94,0.00,703.86,19263.80,11957.58
110141003,Bald Eagle Area SD,Centre,1709.01,2016.54,9295.56,5342.03,428.57,15066.16,18.38,765.91,15850.45,9297.45
110141103,Bellefonte Area SD,Centre,2809.01,3274.77,9322.88,5340.47,266.42,14929.77,0.00,1516.62,16446.40,10202.25
110147003,Penns Valley Area SD,Centre,1515.57,1764.78,9090.29,4965.58,379.15,14435.02,0.00,1860.28,16295.29,9007.66
110148002,State College Area SD,Centre,7169.39,8397.34,10794.90,5298.55,374.14,16467.58,42.81,3105.56,19615.95,11022.42
124150503,Avon Grove SD,Chester,5830.02,6743.29,9328.54,3882.54,187.70,13398.78,0.00,961.41,14360.19,9402.96
124151902,Coatesville Area SD,Chester,8799.73,10187.31,11887.14,4295.73,128.29,16311.16,0.00,1721.61,18032.77,11294.39
124152003,Downingtown Area SD,Chester,13143.51,15126.96,9347.04,4425.34,287.70,14060.08,23.72,2026.18,16109.98,9481.42
124153503,Great Valley SD,Chester,4089.53,4700.49,12738.62,5998.06,387.80,19124.48,0.00,2807.81,21932.29,13350.36
124154003,Kennett Consolidated SD,Chester,4424.14,5176.75,10429.49,5356.56,268.13,16054.18,17.81,5988.33,22060.32,10900.02
124156503,Octorara Area SD,Chester,2616.62,3072.48,11243.98,5037.90,221.12,16502.99,0.00,2058.84,18561.83,10629.02
124156603,Owen J Roberts SD,Chester,5502.26,6260.91,9822.64,5459.25,296.09,15577.98,0.00,1991.32,17569.30,10785.42
124156703,Oxford Area SD,Chester,4360.51,5137.27,8618.00,3575.88,223.08,12416.96,0.00,1456.34,13873.29,8244.49
124157203,Phoenixville Area SD,Chester,4152.89,4805.56,11424.18,5770.90,408.66,17603.75,0.00,2685.63,20289.38,11997.92
124157802,Tredyffrin-Easttown SD,Chester,6705.83,7681.20,11230.67,6069.03,292.95,17592.64,0.00,959.68,18552.31,12202.35
124158503,Unionville-Chadds Ford SD,Chester,4061.29,4695.08,10820.27,5926.39,352.87,17099.53,0.00,2270.13,19369.66,11714.07
124159002,West Chester Area SD,Chester,12289.42,14149.56,10618.52,4958.89,390.83,15968.24,0.00,2234.25,18202.49,10965.66
106160303,Allegheny-Clarion Valley SD,Clarion,711.96,836.68,11934.13,6271.20,384.64,18589.96,74.02,1194.93,19858.91,9117.79
106161203,Clarion Area SD,Clarion,778.77,925.80,9395.92,5121.82,430.14,14947.88,0.00,989.95,15937.83,9529.27
106161703,Clarion-Limestone Area SD,Clarion,934.30,1088.67,9191.58,4653.78,280.84,14126.20,0.00,513.82,14640.02,8474.86
106166503,Keystone  SD,Clarion,1082.61,1270.57,8865.38,4546.73,179.04,13591.15,0.00,531.88,14123.03,7995.76
106167504,North Clarion County SD,Clarion,585.65,685.03,8898.30,4091.60,200.53,13190.43,1.33,1076.13,14267.89,8172.85
106168003,Redbank Valley SD,Clarion,1146.90,1327.18,9211.13,4245.50,318.27,13774.90,0.00,942.07,14716.98,8197.83
106169003,Union SD,Clarion,593.62,686.58,9995.54,6000.26,441.56,16437.36,0.00,5916.20,22353.56,9777.32
110171003,Clearfield Area SD,Clearfield,2352.07,2760.91,8649.75,4849.57,299.52,13798.85,0.00,1396.63,15195.48,7898.38
110171803,Curwensville Area SD,Clearfield,1034.73,1220.94,8821.30,4398.13,328.09,13547.51,120.38,18580.68,32248.57,7921.63
106172003,Dubois Area SD,Clearfield,3875.11,4538.72,8314.91,4417.31,194.13,12926.35,0.00,958.59,13884.94,7706.63
110173003,Glendale SD,Clearfield,815.07,957.40,9325.16,5040.98,463.38,14829.51,0.00,1148.12,15977.63,8292.20
110173504,Harmony Area SD,Clearfield,309.26,365.09,10634.14,6602.73,410.95,17647.82,0.00,1635.38,19283.20,8383.58
110175003,Moshannon Valley SD,Clearfield,913.04,1069.99,8647.62,4607.86,416.54,13672.02,43.53,1139.14,14854.69,8019.02
110177003,Philipsburg-Osceola Area SD,Clearfield,1802.90,2101.44,9233.10,5143.87,325.37,14702.33,0.00,1144.13,15846.47,8325.85
110179003,West Branch Area SD,Clearfield,1079.96,1264.39,8977.64,4426.25,420.56,13824.45,1364.34,8869.52,24058.31,7455.76
110183602,Keystone Central SD,Clinton,4459.30,5215.92,10370.69,4550.63,315.73,15237.05,0.00,1059.79,16296.84,9371.19
116191004,Benton Area SD,Columbia,722.59,852.01,9272.14,4832.26,361.27,14465.66,0.00,1283.45,15749.11,9090.96
116191103,Berwick Area SD,Columbia,3093.37,3616.13,8932.26,3837.90,275.42,13045.57,4418.59,821.88,18286.05,8149.57
116191203,Bloomsburg Area SD,Columbia,1698.22,1987.65,7693.01,4461.39,348.86,12503.25,0.00,1231.44,13734.69,7777.38
116191503,Central Columbia SD,Columbia,1897.53,2230.89,7935.01,4633.12,318.76,12886.88,0.00,2418.50,15305.39,8190.60
116195004,Millville Area SD,Columbia,740.95,877.37,9349.81,5994.74,332.71,15677.26,0.00,1101.13,16778.39,10093.69
116197503,Southern Columbia Area SD,Columbia,1472.57,1732.71,7873.32,4313.53,300.24,12487.09,0.00,1039.23,13526.32,7581.40
105201033,Conneaut SD,Crawford,2178.04,2580.04,8351.72,6091.31,344.12,14787.15,1.82,1848.15,16637.13,8431.87
105201352,Crawford Central SD,Crawford,3879.60,4553.12,8150.26,4203.07,270.62,12623.96,0.00,1380.56,14004.52,7205.94
105204703,Penncrest SD,Crawford,3051.67,3610.79,10631.44,4761.25,324.51,15717.19,0.00,736.10,16453.29,8527.30
115210503,Big Spring SD,Cumberland,2671.71,3152.10,9632.71,4591.06,343.18,14566.96,5.84,2419.40,16992.20,9286.68
115211003,Camp Hill SD,Cumberland,1323.10,1507.94,8690.86,3952.21,740.38,13383.45,0.00,1387.78,14771.24,9171.91
115211103,Carlisle Area SD,Cumberland,5143.90,5948.68,8256.45,4406.25,257.08,12919.78,1.00,2113.69,15034.47,8392.06
115211603,Cumberland Valley SD,Cumberland,8714.58,9873.45,7249.94,4242.42,278.95,11771.30,24.79,2438.48,14234.57,7967.88
115212503,East Pennsboro Area SD,Cumberland,2802.25,3275.53,8467.63,3590.56,250.41,12308.60,111.44,1366.08,13786.13,8143.78
115216503,Mechanicsburg Area SD,Cumberland,3958.34,4605.16,8754.91,4171.43,446.53,13372.86,4.39,1397.99,14775.25,8853.35
115218003,Shippensburg Area SD,Cumberland,3440.68,4028.31,8102.70,3661.20,196.29,11960.19,0.00,4145.23,16105.42,7620.90
115218303,South Middleton SD,Cumberland,2165.73,2540.29,8884.89,4874.24,341.75,14100.88,0.00,1032.47,15133.35,9368.58
115221402,Central Dauphin SD,Dauphin,12158.08,13754.61,9029.87,4044.63,248.71,13323.20,0.00,8133.13,21456.34,8912.60
115221753,Derry Township SD,Dauphin,3482.89,4042.83,8915.07,5100.89,358.07,14374.03,0.00,2628.97,17003.00,9630.23
115222504,Halifax Area SD,Dauphin,1075.54,1264.34,10574.99,5647.65,374.22,16596.86,0.07,1749.09,18346.02,10414.27
115222752,Harrisburg City SD,Dauphin,7518.96,8630.74,10758.39,4765.16,166.65,15690.20,0.00,3155.81,18846.00,9128.42
115224003,Lower Dauphin SD,Dauphin,3819.18,4369.88,9426.73,4474.89,266.47,14168.08,0.00,1117.34,15285.42,9411.06
115226003,Middletown Area SD,Dauphin,2458.36,2862.71,9090.33,5007.43,425.27,14523.03,22.24,2622.81,17168.08,9281.68
115226103,Millersburg Area SD,Dauphin,848.74,964.72,10305.22,5125.52,371.29,15802.03,44.33,24.58,15870.93,10275.76
115228003,Steelton-Highspire SD,Dauphin,1481.92,1656.80,7840.43,4068.02,195.89,12104.34,0.00,1689.95,13794.29,6965.25
115228303,Susquehanna Township SD,Dauphin,2863.66,3372.67,9975.21,4676.70,296.60,14948.51,0.00,1369.70,16318.21,9884.70
115229003,Upper Dauphin Area SD,Dauphin,1258.02,1483.14,9093.05,3961.25,265.37,13319.67,0.00,4927.58,18247.25,7903.11
125231232,Chester-Upland SD,Delaware,7065.68,8092.29,13556.30,3265.59,127.08,16948.96,0.00,1033.51,17982.48,10990.13
125231303,Chichester SD,Delaware,3440.55,3995.80,11595.70,6242.10,467.93,18305.74,15.97,1921.81,20243.52,11951.27
125234103,Garnet Valley SD,Delaware,4812.13,5586.48,11774.18,4879.92,459.03,17113.14,0.00,2485.17,19598.31,11985.48
125234502,Haverford Township SD,Delaware,5965.63,6730.23,10826.55,5199.70,243.99,16270.24,0.00,1777.41,18047.65,11346.23
125235103,Interboro SD,Delaware,3444.87,4051.42,11372.70,5558.34,278.53,17209.57,0.00,1039.13,18248.69,10816.04
125235502,Marple Newtown SD,Delaware,3325.90,3850.14,11717.12,7521.06,363.54,19601.73,0.00,3410.30,23012.03,12859.18
125236903,Penn-Delco SD,Delaware,3473.25,3951.67,8695.82,4944.52,298.45,13938.79,62.48,1670.96,15672.23,9609.89
125237603,Radnor Township SD,Delaware,3761.86,4414.17,13552.37,7490.91,322.71,21366.00,0.00,3036.18,24402.17,13882.40
125237702,Ridley SD,Delaware,5579.89,6436.00,11466.79,4729.21,199.65,16395.65,98.31,1283.18,17777.13,11087.75
125237903,Rose Tree Media SD,Delaware,3855.36,4394.19,12318.41,7206.10,393.78,19918.29,0.00,2414.28,22332.57,13315.38
125238402,Southeast Delco SD,Delaware,4525.26,5260.90,9898.71,4207.50,201.36,14307.57,0.00,1567.82,15875.39,8551.46
125238502,Springfield SD,Delaware,4060.37,4576.79,9459.02,4878.21,385.51,14722.74,0.00,1780.54,16503.28,10469.32
125239452,Upper Darby SD,Delaware,12984.45,14692.33,9383.60,3654.99,370.25,13408.84,68.14,466.43,13943.40,8631.22
125239603,Wallingford-Swarthmore SD,Delaware,3581.60,4091.57,12070.00,5681.54,373.25,18124.79,0.00,2360.18,20484.98,12702.33
125239652,William Penn SD,Delaware,5635.78,6509.76,11247.42,4571.86,240.10,16059.38,0.00,785.17,16844.55,9918.04
109243503,Johnsonburg Area SD,Elk,592.99,687.31,10213.50,6184.09,428.39,16825.98,34.22,1413.60,18273.81,10443.40
109246003,Ridgway Area SD,Elk,845.85,1009.23,9221.54,5485.79,272.53,14979.85,0.00,93.37,15073.23,9339.66
109248003,Saint Marys Area SD,Elk,2102.41,2486.71,6832.16,4398.11,278.60,11508.87,0.00,765.69,12274.56,7119.68
105251453,Corry Area SD,Erie,2093.10,2454.94,8716.92,4703.63,429.47,13850.02,16.60,1261.61,15128.22,7818.09
105252602,Erie City SD,Erie,13697.67,15800.60,8972.64,3489.19,160.28,12622.12,71.24,769.77,13463.13,7146.94
105253303,Fairview SD,Erie,1623.23,1895.94,7175.28,4691.71,496.18,12363.16,0.06,10122.00,22485.23,8037.96
105253553,Fort LeBoeuf SD,Erie,2207.86,2587.62,7451.62,4312.04,310.64,12074.30,20.33,1650.93,13745.55,7597.60
105253903,General McLane SD,Erie,2175.36,2570.08,7743.90,4243.30,384.30,12371.51,0.00,1464.87,13836.38,7534.15
105254053,Girard SD,Erie,1810.16,2089.65,8350.75,4068.96,372.17,12791.87,0.00,5284.15,18076.02,7660.43
105254353,Harbor Creek SD,Erie,2183.47,2563.64,7931.36,3831.50,255.97,12018.82,8.66,2027.09,14054.57,7634.65
105256553,Iroquois SD,Erie,1224.49,1428.75,8702.40,4150.90,392.25,13245.55,0.00,2656.16,15901.71,8071.07
105257602,Millcreek Township SD,Erie,6845.64,8067.23,7753.20,4175.10,212.18,12140.48,0.00,1150.92,13291.40,7548.68
105258303,North East SD,Erie,1687.23,1972.51,7652.58,3929.55,391.65,11973.77,0.00,6956.36,18930.13,7309.25
105258503,Northwestern  SD,Erie,1432.66,1687.81,8539.90,3936.45,285.77,12762.12,0.00,73.29,12835.41,7426.64
105259103,Union City Area SD,Erie,1173.50,1332.17,8953.88,4323.64,571.29,13848.80,127.96,927.69,14904.45,8202.05
105259703,Wattsburg Area SD,Erie,1390.06,1635.24,8313.97,5822.54,331.70,14468.21,0.00,1689.76,16157.97,8363.19
101260303,Albert Gallatin Area SD,Fayette,3503.51,4114.85,8346.47,4874.69,257.32,13478.49,0.95,1255.66,14735.10,7487.69
101260803,Brownsville Area SD,Fayette,1736.36,2038.98,8902.61,4535.83,203.01,13641.45,0.00,1506.79,15148.24,7473.91
101261302,Connellsville Area SD,Fayette,4707.59,5536.09,8340.69,4255.96,229.40,12826.05,0.00,1864.16,14690.22,7294.83
101262903,Frazier SD,Fayette,1236.77,1419.79,8046.37,4004.13,290.71,12341.21,0.00,711.87,13053.07,7602.00
101264003,Laurel Highlands SD,Fayette,3046.13,3568.11,9195.59,4309.50,230.38,13735.48,0.00,1384.83,15120.31,8316.29
101268003,Uniontown Area SD,Fayette,2898.56,3380.98,8959.18,4678.08,189.99,13827.24,0.00,1363.35,15190.59,7802.28
106272003,Forest Area SD,Forest,486.21,571.17,12829.39,8417.41,559.84,21806.64,0.00,1741.39,23548.03,12588.74
112281302,Chambersburg Area SD,Franklin,9515.52,11080.31,7858.51,3822.41,217.23,11898.15,0.00,1987.16,13885.31,7614.80
112282004,Fannett-Metal SD,Franklin,509.54,598.12,8634.77,4897.47,318.25,13850.49,0.00,98.13,13948.62,8184.21
112283003,Greencastle-Antrim SD,Franklin,3080.48,3595.51,7886.06,3236.41,237.27,11359.74,5.11,1911.99,13276.83,7336.05
112286003,Tuscarora SD,Franklin,2546.79,2982.49,7650.96,4392.87,285.83,12329.66,37.94,3862.20,16229.80,7606.94
112289003,Waynesboro Area SD,Franklin,4600.03,5244.35,7573.88,2862.04,201.61,10637.53,118.89,4356.17,15112.58,6554.19
111291304,Central Fulton SD,Fulton,1013.38,1148.21,8738.04,3735.60,891.12,13364.76,0.77,626.02,13991.55,8735.85
111292304,Forbes Road SD,Fulton,367.11,428.75,9497.71,6539.35,282.71,16319.77,0.00,1671.11,17990.88,10225.38
111297504,Southern Fulton SD,Fulton,761.04,893.10,8685.67,4571.17,272.62,13529.46,0.00,653.60,14183.06,8364.68
101301303,Carmichaels Area SD,Greene,1121.11,1314.71,7552.55,4021.02,433.81,12007.37,0.00,1484.04,13491.41,7073.63
101301403,Central Greene SD,Greene,1860.75,2169.90,9693.94,5475.45,400.60,15569.98,1.34,2990.80,18562.12,9486.12
101303503,Jefferson-Morgan SD,Greene,809.93,945.81,10123.70,4889.60,473.33,15486.63,0.00,1247.88,16734.51,9571.10
101306503,Southeastern Greene SD,Greene,625.50,736.80,9189.30,6737.47,402.89,16329.66,0.00,1352.17,17681.82,8739.84
101308503,West Greene SD,Greene,692.99,809.41,13752.23,6670.97,547.47,20970.67,0.00,3449.97,24420.64,12843.37
111312503,Huntingdon Area SD,Huntingdon,2078.56,2434.90,7376.54,4110.29,282.72,11769.55,0.00,1374.32,13143.87,6630.37
111312804,Juniata Valley SD,Huntingdon,746.87,876.17,8297.48,4425.80,481.59,13204.87,0.00,1638.88,14843.75,8046.31
111316003,Mount Union Area SD,Huntingdon,1516.75,1778.35,7801.09,3774.87,272.01,11847.97,0.00,1775.22,13623.19,6324.31
111317503,Southern Huntingdon County SD,Huntingdon,1233.25,1451.11,8169.13,4008.45,199.41,12376.99,0.00,4888.07,17265.06,6751.47
128321103,Blairsville-Saltsburg SD,Indiana,1618.55,1901.66,10812.40,5799.18,509.15,17120.74,0.00,1591.78,18712.51,10073.86
128323303,Homer-Center SD,Indiana,879.67,1028.30,10318.31,5073.79,428.70,15820.79,11.82,1663.58,17496.20,10127.67
128323703,Indiana Area SD,Indiana,2816.22,3284.78,11946.45,4650.38,377.49,16974.33,0.00,1267.47,18241.79,11254.76
128325203,Marion Center Area SD,Indiana,1358.35,1590.44,9754.01,5632.11,395.62,15781.74,0.00,1446.39,17228.12,9649.26
128326303,Penns Manor Area SD,Indiana,884.05,1036.06,10692.69,5369.36,496.88,16558.93,0.00,1055.74,17614.67,10103.33
128327303,Purchase Line SD,Indiana,926.00,1089.34,10609.75,6896.28,419.78,17925.81,51.06,706.70,18683.56,9899.37
128328003,United SD,Indiana,1122.36,1333.17,11834.80,5736.07,371.41,17942.28,0.00,879.26,18821.54,10738.71
106330703,Brockway Area SD,Jefferson,1043.78,1221.22,8254.06,4522.81,557.52,13334.39,186.06,343.01,13863.46,8008.76
106330803,Brookville Area SD,Jefferson,1579.72,1847.65,7890.66,4738.83,331.03,12960.52,26.18,1239.01,14225.71,7353.65
106338003,Punxsutawney Area SD,Jefferson,2322.73,2741.59,9483.13,5476.29,345.69,15305.10,228.38,1038.49,16571.98,9039.54
111343603,Juniata County SD,Juniata,2983.53,3520.54,7264.74,3569.08,184.69,11018.51,287.63,396.89,11703.03,6395.42
119350303,Abington Heights SD,Lackawanna,3371.41,3854.00,8277.92,3711.21,248.97,12238.10,0.00,914.28,13152.38,8210.65
119351303,Carbondale Area SD,Lackawanna,1788.63,2056.75,9404.03,2905.95,266.30,12576.28,220.15,1123.16,13919.59,6727.16
119352203,Dunmore SD,Lackawanna,1572.86,1848.04,7958.02,3453.85,448.36,11860.24,0.00,793.95,12654.19,7745.71
119354603,Lakeland SD,Lackawanna,1552.99,1816.69,8452.10,4369.82,441.69,13263.61,0.00,201.10,13464.71,8233.88
119355503,Mid Valley SD,Lackawanna,1827.41,2111.95,8205.65,3201.05,349.42,11756.12,3.46,879.82,12639.40,7958.58
119356503,North Pocono SD,Lackawanna,3054.16,3579.86,9276.54,4698.64,335.36,14310.55,58.31,1647.16,16016.02,9063.24
119356603,Old Forge SD,Lackawanna,982.14,1143.15,7840.93,3384.29,402.91,11628.13,523.70,875.66,13027.50,8117.08
119357003,Riverside SD,Lackawanna,1566.06,1825.79,9314.79,3902.35,340.00,13557.14,0.00,1747.56,15304.70,8813.68
119357402,Scranton SD,Lackawanna,10381.87,11724.38,9734.04,3714.17,143.04,13591.25,0.00,284.46,13875.71,9019.26
119358403,Valley View SD,Lackawanna,2491.04,2908.86,7717.66,3669.12,223.81,11610.58,0.00,874.81,12485.40,7093.52
113361303,Cocalico SD,Lancaster,3147.03,3589.34,9884.35,4608.19,305.32,14797.86,0.00,2214.07,17011.93,9844.09
113361503,Columbia Borough SD,Lancaster,1458.80,1699.19,10109.63,4288.67,320.83,14719.13,0.00,1486.65,16205.78,8754.09
113361703,Conestoga Valley SD,Lancaster,4442.18,5203.39,9034.04,3435.61,287.51,12757.16,0.00,1267.64,14024.79,8408.74
113362203,Donegal SD,Lancaster,3135.96,3583.37,8148.01,3716.36,222.26,12086.64,0.00,2581.08,14667.72,7846.51
113362303,Eastern Lancaster County SD,Lancaster,3157.60,3620.12,8970.38,5488.49,335.66,14794.53,27.72,1611.23,16433.47,8832.19
113362403,Elizabethtown Area SD,Lancaster,3972.76,4535.95,8546.45,3904.86,271.94,12723.26,0.00,1028.14,13751.40,8526.08
113362603,Ephrata Area SD,Lancaster,4228.94,4763.00,8052.69,4412.65,332.40,12797.74,0.00,2206.16,15003.90,8530.80
113363103,Hempfield  SD,Lancaster,6952.88,7978.48,10186.79,4353.14,273.81,14813.74,0.00,1465.53,16279.27,10017.96
113363603,Lampeter-Strasburg SD,Lancaster,3056.72,3526.85,9311.32,4065.21,308.86,13685.40,0.00,1952.49,15637.89,9326.30
113364002,Lancaster SD,Lancaster,11404.86,13128.83,10398.87,4765.43,239.73,15404.03,0.00,1463.60,16867.62,9106.80
113364403,Manheim Central SD,Lancaster,2975.41,3479.14,9372.51,4694.55,364.24,14431.30,0.00,1688.56,16119.85,9239.17
113364503,Manheim Township SD,Lancaster,5833.24,6825.33,7769.95,4256.65,213.71,12240.32,4.41,2338.34,14583.07,8128.86
113365203,Penn Manor SD,Lancaster,5351.42,6089.63,8148.01,3833.32,240.61,12221.94,2.30,1755.38,13979.62,8205.27
113365303,Pequea Valley SD,Lancaster,1635.22,1928.90,10261.03,7147.38,386.49,17794.90,0.00,2432.28,20227.17,11146.22
113367003,Solanco SD,Lancaster,3650.69,4195.82,8456.91,4219.84,271.98,12948.74,0.00,1195.11,14143.84,8046.97
113369003,Warwick SD,Lancaster,4210.19,4892.94,9122.67,3934.27,365.03,13421.97,0.05,1868.48,15290.50,8869.32
104372003,Ellwood City Area SD,Lawrence,1746.48,2063.65,9432.67,4663.49,299.26,14395.43,305.60,832.79,15533.82,8849.58
104374003,Laurel SD,Lawrence,1231.05,1458.09,8410.90,4934.56,418.98,13764.44,8.09,939.21,14711.74,7848.73
104375003,Mohawk Area SD,Lawrence,1497.91,1751.23,9898.16,4194.93,325.47,14418.56,169.98,1276.14,15864.68,8893.67
104375203,Neshannock Township SD,Lawrence,1266.42,1493.68,8416.82,3879.70,422.57,12719.09,0.00,1174.58,13893.66,8326.58
104375302,New Castle Area SD,Lawrence,3379.85,3885.00,9363.07,3895.58,261.23,13519.88,0.00,1358.09,14877.98,7840.90
104376203,Shenango Area SD,Lawrence,1198.75,1408.30,9219.43,3915.84,494.33,13629.60,0.00,486.68,14116.28,8523.03
104377003,Union Area SD,Lawrence,820.25,948.76,8288.82,3908.37,437.80,12634.99,1.85,658.04,13294.88,8016.83
104378003,Wilmington Area SD,Lawrence,1182.39,1406.94,9799.74,5093.11,414.72,15307.58,420.26,12649.71,28377.55,9223.38
113380303,Annville-Cleona SD,Lebanon,1523.56,1760.95,8019.69,4468.59,444.35,12932.62,0.00,1522.43,14455.05,8742.74
113381303,Cornwall-Lebanon SD,Lebanon,4802.70,5484.87,9254.81,4105.00,293.49,13653.30,2.75,1279.49,14935.53,9195.81
113382303,Eastern Lebanon County SD,Lebanon,2463.85,2780.58,8569.96,4409.53,364.71,13344.20,0.00,1995.52,15339.72,8960.74
113384603,Lebanon SD,Lebanon,5003.24,5719.90,7791.48,3877.30,258.48,11927.26,321.98,1042.47,13291.72,6902.27
113385003,Northern Lebanon SD,Lebanon,2375.94,2697.63,8436.17,4596.91,278.65,13311.73,0.00,907.70,14219.43,8753.75
113385303,Palmyra Area SD,Lebanon,3606.16,4137.50,6877.81,3351.19,272.42,10501.43,3.17,1867.24,12371.85,6869.66
121390302,Allentown City SD,Lehigh,19682.94,22796.63,9459.61,3350.61,176.56,12986.78,0.00,962.61,13949.38,8136.60
121391303,Catasauqua Area SD,Lehigh,1607.31,1829.27,10306.30,4668.83,437.95,15413.08,25.86,1970.99,17409.93,10616.08
121392303,East Penn SD,Lehigh,8463.01,9752.47,9359.17,4378.20,223.47,13960.84,0.00,1757.52,15718.37,9346.53
121394503,Northern Lehigh SD,Lehigh,1666.64,1970.93,9735.38,5458.46,522.23,15716.07,160.97,2341.93,18218.97,9711.47
121394603,Northwestern Lehigh SD,Lehigh,2275.99,2628.70,9794.61,5303.62,398.40,15496.63,27.32,2913.31,18437.26,10036.62
121395103,Parkland SD,Lehigh,9453.41,10923.51,9922.37,4708.82,211.85,14843.04,0.00,1610.54,16453.57,9871.57
121395603,Salisbury Township SD,Lehigh,1676.28,1991.66,10870.50,6964.99,543.84,18379.33,2.27,3137.37,21518.97,11804.81
121395703,Southern Lehigh SD,Lehigh,3228.36,3737.55,10043.66,5851.58,411.85,16307.09,0.00,2178.04,18485.12,10943.84
121397803,Whitehall-Coplay SD,Lehigh,4536.14,5208.48,8171.98,3852.29,244.06,12268.33,0.00,1267.15,13535.48,7974.57
118401403,Crestwood SD,Luzerne,2915.88,3416.39,8256.33,3277.64,360.81,11894.79,0.00,678.03,12572.81,7443.12
118401603,Dallas SD,Luzerne,2749.68,3159.90,7473.38,3473.62,285.66,11232.67,7.09,1683.93,12923.69,7645.71
118402603,Greater Nanticoke Area SD,Luzerne,2367.72,2777.30,7598.61,3273.16,353.99,11225.76,361.52,547.61,12134.89,6885.17
118403003,Hanover Area SD,Luzerne,2151.15,2507.42,8410.26,3932.43,286.34,12629.03,0.00,1365.50,13994.53,8192.43
118403302,Hazleton Area SD,Luzerne,11184.65,13009.28,7754.04,3204.11,202.92,11161.07,17.54,2033.30,13211.91,6350.94
118403903,Lake-Lehman SD,Luzerne,1932.35,2284.31,8736.24,4393.41,321.01,13450.66,0.00,1048.73,14499.39,8281.35
118406003,Northwest Area SD,Luzerne,1113.52,1315.69,10257.20,4327.78,253.74,14838.72,0.00,683.82,15522.54,8664.46
118406602,Pittston Area SD,Luzerne,3371.31,3932.34,8317.12,3803.12,272.22,12392.46,0.00,1078.43,13470.89,7744.97
118408852,Wilkes-Barre Area SD,Luzerne,7503.35,8723.93,10495.28,4053.39,304.01,14852.68,0.00,436.42,15289.10,9498.15
118409203,Wyoming Area SD,Luzerne,2359.12,2779.44,9013.00,3919.86,327.29,13260.14,0.00,948.07,14208.21,8174.51
118409302,Wyoming Valley West SD,Luzerne,5128.52,5985.92,9849.03,3162.35,223.50,13234.88,18.39,654.80,13908.08,8134.38
117412003,East Lycoming SD,Lycoming,1613.81,1886.47,8361.28,4379.08,416.60,13156.97,0.00,1876.12,15033.09,8283.29
117414003,Jersey Shore Area SD,Lycoming,2591.65,3038.23,9187.00,4076.53,276.26,13539.79,0.00,1619.57,15159.35,8509.79
117414203,Loyalsock Township SD,Lycoming,1517.62,1778.37,7902.93,4098.99,367.14,12369.06,0.00,1669.77,14038.84,8220.72
117415004,Montgomery Area SD,Lycoming,887.77,1026.65,9454.76,4468.33,450.11,14373.19,0.00,9280.83,23654.02,9119.55
117415103,Montoursville Area SD,Lycoming,2023.07,2362.56,8039.00,4083.21,311.01,12433.21,0.00,1909.08,14342.29,8074.87
117415303,Muncy SD,Lycoming,1072.59,1240.40,9361.24,4317.63,592.81,14271.68,72.58,1380.63,15724.88,9530.33
117416103,South Williamsport Area SD,Lycoming,1305.20,1510.43,8133.50,3796.40,389.03,12318.92,0.00,1394.01,13712.94,8059.79
117417202,Williamsport Area SD,Lycoming,5081.39,5909.67,9315.13,4772.78,263.70,14351.61,0.00,2259.53,16611.14,7805.81
109420803,Bradford Area SD,McKean,2588.87,3018.39,8232.70,4527.36,340.09,13100.14,0.00,1120.48,14220.62,7445.31
109422303,Kane Area SD,McKean,1182.29,1387.78,8564.89,4726.08,391.86,13682.83,0.00,814.09,14496.92,8427.48
109426003,Otto-Eldred SD,McKean,695.59,803.88,9052.46,4876.80,394.08,14323.34,0.00,1992.74,16316.08,7933.73
109426303,Port Allegany SD,McKean,892.45,1041.68,9849.52,4256.45,396.49,14502.46,0.00,1311.43,15813.89,8766.52
109427503,Smethport Area SD,McKean,832.32,975.58,9724.08,5710.40,467.69,15902.18,0.00,1384.82,17287.00,9703.11
104431304,Commodore Perry SD,Mercer,504.14,599.74,10238.90,5669.21,432.46,16340.57,0.00,937.78,17278.35,9518.83
104432503,Farrell Area SD,Mercer,768.10,895.99,11513.29,6170.82,1170.03,18854.14,0.00,1491.27,20345.41,10391.35
104432803,Greenville Area SD,Mercer,1341.54,1577.05,8719.45,4002.25,662.31,13384.00,463.60,1229.42,15077.02,7486.35
104432903,Grove City Area SD,Mercer,2067.73,2380.38,12382.11,4644.92,442.57,17469.60,12.10,1521.23,19002.93,7613.48
104433303,Hermitage SD,Mercer,2107.73,2462.17,8305.05,3941.64,419.41,12666.10,58.24,1350.67,14075.01,8154.00
104433604,Jamestown Area SD,Mercer,511.80,602.70,9058.88,6054.12,369.50,15482.50,0.00,1442.04,16924.54,8791.61
104433903,Lakeview SD,Mercer,1129.05,1345.36,9252.70,4267.31,328.41,13848.42,0.00,79.57,13927.99,7839.06
104435003,Mercer Area SD,Mercer,1151.36,1352.44,8797.50,4471.53,456.99,13726.02,0.00,1360.20,15086.21,7650.02
104435303,Reynolds SD,Mercer,1097.75,1300.97,11019.69,5264.27,460.81,16744.77,0.00,746.69,17491.46,10066.24
104435603,Sharon City SD,Mercer,2211.29,2558.89,8469.33,3361.73,429.09,12260.16,0.00,1727.89,13988.04,7304.26
104435703,Sharpsville Area SD,Mercer,1267.44,1463.13,7390.14,3854.77,309.79,11554.71,0.00,1014.04,12568.74,7310.19
104437503,West Middlesex Area SD,Mercer,942.00,1120.95,8678.00,4496.14,473.63,13647.78,0.00,1680.41,15328.18,8035.46
111444602,Mifflin County SD,Mifflin,5179.01,6086.85,7715.78,4020.19,198.13,11934.10,0.00,2107.37,14041.47,6910.88
120452003,East Stroudsburg Area SD,Monroe,7241.57,8597.49,10985.58,6213.96,367.38,17566.93,0.00,6561.74,24128.66,10823.65
120455203,Pleasant Valley SD,Monroe,4940.28,5764.45,11620.92,5488.79,271.34,17381.05,0.00,1503.47,18884.52,10750.33
120455403,Pocono Mountain SD,Monroe,9672.26,11476.72,11844.48,6356.66,315.12,18516.26,231.63,2234.95,20982.84,11748.48
120456003,Stroudsburg Area SD,Monroe,5111.43,6071.85,11466.74,5314.00,223.55,17004.29,0.00,2665.07,19669.35,10665.95
123460302,Abington SD,Montgomery,7871.39,9173.09,10401.95,5991.20,234.57,16627.71,10.82,951.17,17589.70,11248.54
123460504,Bryn Athyn SD,Montgomery,1.78,2.42,62528.98,18742.26,0.00,81271.24,0.00,0.00,81271.24,53744.21
123461302,Cheltenham SD,Montgomery,4642.89,5418.17,13547.83,7288.24,577.31,21413.38,219.51,1335.66,22968.55,14369.92
123461602,Colonial SD,Montgomery,4859.52,5674.82,13708.57,6277.97,338.83,20325.38,0.00,1713.49,22038.87,13699.98
123463603,Hatboro-Horsham SD,Montgomery,4819.66,5555.31,10884.00,6497.33,284.24,17665.57,0.48,2020.16,19686.22,12026.14
123463803,Jenkintown SD,Montgomery,669.55,781.41,13082.40,6908.44,475.33,20466.16,0.00,1943.57,22409.74,14876.28
123464502,Lower Merion SD,Montgomery,8412.19,9610.07,16286.25,8199.18,584.02,25069.44,0.00,3425.63,28495.08,17408.80
123464603,Lower Moreland Township SD,Montgomery,2213.48,2607.06,12217.57,5754.97,373.36,18345.89,0.00,1904.02,20249.91,12260.56
123465303,Methacton SD,Montgomery,4965.17,5710.09,11060.25,6328.66,278.30,17667.21,0.00,2251.72,19918.93,11724.27
123465602,Norristown Area SD,Montgomery,7808.04,8928.73,11586.55,5686.98,206.54,17480.07,22.60,830.71,18333.39,11433.53
123465702,North Penn SD,Montgomery,12943.22,14726.98,11704.61,4926.87,226.46,16857.93,0.57,1280.84,18139.34,11427.49
123466103,Perkiomen Valley SD,Montgomery,5769.04,6613.54,9704.30,4921.42,253.50,14879.22,31.76,1442.17,16353.14,10024.44
123466303,Pottsgrove SD,Montgomery,3409.49,3984.33,10416.69,5462.35,306.43,16185.47,0.00,2450.84,18636.31,10682.28
123466403,Pottstown SD,Montgomery,3324.14,3775.54,10315.62,5187.22,270.26,15773.11,287.34,1052.26,17112.70,10465.81
123467103,Souderton Area SD,Montgomery,6820.08,7862.92,10366.07,4979.43,180.82,15526.32,2.77,1869.78,17398.87,10168.58
123467203,Springfield Township SD,Montgomery,2370.20,2734.70,11864.98,6819.47,416.11,19100.56,0.00,4378.47,23479.04,12753.31
123467303,Spring-Ford Area SD,Montgomery,8092.33,9247.23,10055.06,5025.26,267.14,15347.46,29.60,1947.73,17324.79,10656.33
123468303,Upper Dublin SD,Montgomery,4193.38,4939.29,11999.11,5927.22,409.58,18335.91,0.00,3517.08,21852.99,11875.85
123468402,Upper Merion Area SD,Montgomery,3976.13,4495.24,12329.48,6993.31,456.96,19779.76,0.00,3204.68,22984.43,13781.22
123468503,Upper Moreland Township SD,Montgomery,3137.03,3658.10,10569.61,5505.95,221.98,16297.54,0.00,2876.03,19173.57,10980.12
123468603,Upper Perkiomen SD,Montgomery,3389.48,3843.15,9991.24,4506.19,247.50,14744.92,22.66,1024.13,15791.71,9932.16
123469303,Wissahickon SD,Montgomery,4495.75,5250.07,13511.27,6433.61,462.62,20407.51,0.00,240.72,20648.23,13793.87
116471803,Danville Area SD,Montour,2402.28,2813.82,9903.73,4673.12,293.40,14870.26,493.93,895.56,16259.75,9671.08
120480803,Bangor Area SD,Northampton,3102.01,3662.52,9464.57,5329.28,435.80,15229.64,74.38,4112.76,19416.78,9617.13
120481002,Bethlehem Area SD,Northampton,15746.40,18484.21,9735.09,3900.91,182.39,13818.39,0.31,1728.80,15547.50,9180.79
120483302,Easton Area SD,Northampton,9153.28,10573.36,9147.43,4226.39,408.66,13782.48,0.00,2615.08,16397.56,9088.39
120484803,Nazareth Area SD,Northampton,4778.25,5636.12,9484.57,4562.14,339.98,14386.69,0.00,1543.06,15929.76,9468.37
120484903,Northampton Area SD,Northampton,5783.50,6775.04,9542.19,4841.38,250.82,14634.39,1.54,1730.83,16366.75,9364.22
120485603,Pen Argyl Area SD,Northampton,1700.42,1999.15,9286.72,5164.21,539.42,14990.35,0.00,1177.46,16167.81,9843.17
120486003,Saucon Valley SD,Northampton,2298.44,2673.23,10990.18,5757.48,471.31,17218.97,0.00,1883.12,19102.09,11631.91
120488603,Wilson Area SD,Northampton,2279.68,2621.28,9039.32,4587.26,415.57,14042.15,0.00,1966.94,16009.09,9221.29
116493503,Line Mountain SD,Northumberland,1250.61,1475.16,7605.39,4918.61,268.62,12792.62,0.00,1504.79,14297.41,7375.94
116495003,Milton Area SD,Northumberland,2117.42,2476.78,8694.54,4060.84,325.45,13080.83,61.85,1102.42,14245.09,7832.76
116495103,Mount Carmel Area SD,Northumberland,1521.44,1769.79,8027.91,2893.56,194.35,11115.82,0.00,1196.07,12311.89,6581.64
116496503,Shamokin Area SD,Northumberland,2398.34,2803.83,7810.41,3891.93,208.83,11911.18,2.28,23.55,11937.01,6641.56
116496603,Shikellamy SD,Northumberland,2937.17,3395.72,9899.83,3324.97,201.62,13426.42,0.00,1204.66,14631.08,8364.63
116498003,Warrior Run SD,Northumberland,1545.49,1815.37,7996.24,4137.50,223.95,12357.69,273.06,942.45,13573.20,7708.43
115503004,Greenwood SD,Perry,799.07,935.20,8552.55,4927.58,489.99,13970.12,3.25,2545.62,16518.99,8678.05
115504003,Newport SD,Perry,1088.90,1271.33,10429.20,4271.45,366.31,15066.97,0.00,10419.68,25486.64,9071.68
115506003,Susquenita SD,Perry,1843.51,2141.79,8724.72,4499.33,260.32,13484.37,0.00,2539.51,16023.88,8171.43
115508003,West Perry SD,Perry,2554.99,3000.82,8623.94,4706.32,135.63,13465.88,0.00,1096.04,14561.92,7957.88
126515001,Philadelphia City SD,Philadelphia,204059.94,235364.57,9485.93,3013.34,73.96,12573.23,0.00,1307.06,13880.29,7281.92
120522003,Delaware Valley SD,Pike,4740.58,5565.57,9794.71,4652.67,472.89,14920.27,0.00,741.15,15661.42,9622.54
119648303,Wallenpaupack Area SD,Pike,3167.79,3763.68,12149.88,6497.48,828.09,19475.45,0.00,1895.99,21371.44,12019.82
109530304,Austin Area SD,Potter,164.97,191.05,15853.77,8845.36,422.48,25121.61,0.00,1149.56,26271.17,15355.46
109531304,Coudersport Area SD,Potter,807.77,951.77,8688.85,4624.49,459.30,13772.64,0.00,1847.65,15620.28,8750.82
109532804,Galeton Area SD,Potter,356.54,411.57,11769.31,5671.88,517.70,17958.88,0.00,1572.78,19531.66,11723.72
109535504,Northern Potter SD,Potter,564.14,653.06,10270.78,5507.00,261.61,16039.39,79.09,794.12,16912.60,9773.21
109537504,Oswayo Valley SD,Potter,430.23,497.70,10186.39,5696.40,591.50,16474.29,0.00,2225.75,18700.04,10140.52
129540803,Blue Mountain SD,Schuylkill,2752.70,3237.45,7750.62,4587.55,400.34,12738.51,0.00,7093.42,19831.93,7937.67
129544503,Mahanoy Area SD,Schuylkill,1080.32,1267.53,9350.72,5156.87,442.35,14949.94,0.00,6565.12,21515.06,9190.24
129544703,Minersville Area SD,Schuylkill,1295.80,1477.37,8238.11,3820.62,328.15,12386.87,75.06,1224.97,13686.90,7867.51
129545003,North Schuylkill SD,Schuylkill,1979.26,2316.30,8508.06,3842.95,335.05,12686.06,0.00,747.96,13434.02,7654.36
129546003,Pine Grove Area SD,Schuylkill,1647.38,1917.92,7667.34,3721.45,369.05,11757.85,0.00,1233.07,12990.91,7251.94
129546103,Pottsville Area SD,Schuylkill,2725.02,3194.55,10597.90,4613.73,509.66,15721.29,0.00,510.45,16231.74,9685.84
129546803,Saint Clair Area SD,Schuylkill,761.44,864.66,8088.99,3285.58,263.10,11637.67,0.00,11745.27,23382.94,7315.40
129547303,Schuylkill Haven Area SD,Schuylkill,1256.25,1481.65,8774.31,4555.91,412.79,13743.00,28.89,1264.76,15036.66,8478.78
129547203,Shenandoah Valley SD,Schuylkill,1114.88,1297.00,9499.46,3341.71,337.50,13178.67,0.00,1542.78,14721.45,8139.50
129547603,Tamaqua Area SD,Schuylkill,2184.07,2495.59,7907.60,3770.78,226.73,11905.11,84.41,941.48,12931.00,7423.60
129547803,Tri-Valley SD,Schuylkill,917.56,1062.21,8653.88,4584.50,379.13,13617.51,157.67,3806.30,17581.48,8836.50
129548803,Williams Valley SD,Schuylkill,1068.47,1239.48,9186.45,3707.94,341.71,13236.10,2255.31,816.74,16308.15,10154.78
116555003,Midd-West SD,Snyder,2197.63,2572.37,8745.73,3811.97,193.54,12751.23,491.30,2125.00,15367.53,7584.31
116557103,Selinsgrove Area SD,Snyder,2724.34,3184.20,9459.48,4235.53,261.37,13956.38,0.00,824.42,14780.81,8422.75
108561003,Berlin Brothersvalley SD,Somerset,777.13,918.09,8192.48,4418.83,478.04,13089.35,408.84,1627.15,15125.33,8148.05
108561803,Conemaugh Township Area SD,Somerset,1013.09,1192.50,7553.32,4498.44,432.17,12483.94,0.00,1011.67,13495.61,7538.54
108565203,Meyersdale Area SD,Somerset,883.65,1041.86,9032.19,5149.00,461.60,14642.80,7.11,1008.75,15658.66,8900.70
108565503,North Star SD,Somerset,1181.72,1359.47,8536.31,4854.57,322.15,13713.03,0.00,1638.25,15351.28,8414.65
108566303,Rockwood Area SD,Somerset,738.18,873.34,8829.52,4317.69,329.84,13477.04,666.50,1260.35,15403.89,9417.01
108567004,Salisbury-Elk Lick SD,Somerset,271.40,319.16,9166.07,5733.32,348.36,15247.75,0.00,1142.91,16390.65,8751.91
108567204,Shade-Central City SD,Somerset,468.22,554.00,10220.80,4832.52,554.27,15607.59,0.00,2147.29,17754.87,9765.13
108567404,Shanksville-Stonycreek SD,Somerset,330.79,380.90,10559.52,6269.16,372.18,17200.85,0.00,2670.62,19871.47,11304.23
108567703,Somerset Area SD,Somerset,2209.56,2619.50,8976.05,5421.45,553.85,14951.35,0.00,1649.67,16601.02,9606.30
108568404,Turkeyfoot Valley Area SD,Somerset,378.93,446.83,7342.61,5690.28,194.71,13227.60,0.00,105.30,13332.90,7378.22
108569103,Windber Area SD,Somerset,1185.03,1375.72,8862.42,4057.59,424.79,13344.81,0.00,1119.24,14464.05,8252.16
117576303,Sullivan County SD,Sullivan,654.73,764.44,12875.71,6802.04,504.17,20181.92,0.00,664.20,20846.12,13182.60
119581003,Blue Ridge SD,Susquehanna,1065.30,1208.52,8224.67,4559.74,276.02,13060.43,0.00,1765.12,14825.55,8036.02
119582503,Elk Lake SD,Susquehanna,1213.90,1416.02,10377.27,4329.97,457.03,15164.28,0.00,946.14,16110.41,8907.87
119583003,Forest City Regional SD,Susquehanna,751.52,879.58,10921.84,5577.94,317.39,16817.17,0.00,1173.78,17990.95,10337.10
119584503,Montrose Area SD,Susquehanna,1455.40,1726.20,10215.41,5974.33,329.96,16519.70,50.68,328.67,16899.05,9851.17
119584603,Mountain View SD,Susquehanna,1017.34,1199.52,12065.58,6652.61,391.34,19109.52,0.00,829.95,19939.47,11996.53
119586503,Susquehanna Community SD,Susquehanna,815.15,920.23,11545.69,5853.35,422.97,17822.00,0.00,169.12,17991.13,10779.07
117596003,Northern Tioga SD,Tioga,2089.63,2429.40,9136.12,4349.81,294.97,13780.90,61.13,1739.53,15581.56,8208.53
117597003,Southern Tioga SD,Tioga,1861.84,2185.86,9255.22,3991.70,353.46,13600.38,3.46,2078.58,15682.43,8433.05
117598503,Wellsboro Area SD,Tioga,1542.62,1812.66,9140.59,4753.30,272.61,14166.50,0.00,13821.12,27987.62,9180.70
116604003,Lewisburg Area SD,Union,1957.50,2298.44,10049.15,4801.39,488.84,15339.37,0.00,1929.72,17269.09,10651.54
116605003,Mifflinburg Area SD,Union,2099.47,2457.32,8537.26,4006.35,261.17,12804.78,0.00,780.07,13584.85,7617.85
106611303,Cranberry Area SD,Venango,1210.11,1406.45,9191.30,4291.55,301.10,13783.95,0.00,550.30,14334.25,8715.75
106612203,Franklin Area SD,Venango,1966.11,2302.99,9541.91,4798.09,270.33,14610.33,0.00,742.24,15352.57,8181.69
106616203,Oil City Area SD,Venango,2130.21,2497.50,7940.15,4286.95,345.41,12572.51,0.00,916.37,13488.88,7310.49
106617203,Titusville Area SD,Venango,2024.55,2284.31,8286.04,4859.10,393.96,13539.10,0.00,1295.21,14834.31,8217.85
106618603,Valley Grove SD,Venango,914.67,1074.75,8736.14,4315.19,249.96,13301.29,61.49,430.39,13793.17,7909.94
105628302,Warren County SD,Warren,4728.56,5590.49,9076.75,5323.53,205.13,14605.41,0.00,1387.36,15992.76,8291.33
101630504,Avella Area SD,Washington,568.78,665.01,9475.98,5909.68,698.78,16084.44,0.00,14353.10,30437.55,10382.19
101630903,Bentworth SD,Washington,1123.48,1316.84,8263.46,4464.25,383.28,13110.99,76.13,1983.66,15170.77,8005.61
101631003,Bethlehem-Center SD,Washington,1297.89,1529.66,8663.58,4838.53,279.11,13781.22,0.00,228.22,14009.44,7618.36
101631203,Burgettstown Area SD,Washington,1235.60,1460.50,8906.75,4212.09,289.01,13407.85,0.00,2115.88,15523.72,8081.87
101631503,California Area SD,Washington,936.05,1098.76,8435.46,4504.31,395.72,13335.50,0.00,2061.69,15397.18,8288.03
101631703,Canon-McMillan SD,Washington,5255.52,6006.77,7064.88,4536.96,314.72,11916.55,197.61,1653.36,13767.52,7583.40
101631803,Charleroi SD,Washington,1628.82,1901.34,7774.22,3839.10,274.93,11888.25,0.00,1821.18,13709.43,7131.07
101631903,Chartiers-Houston SD,Washington,1124.63,1314.12,7808.78,5198.84,368.92,13376.54,0.00,1682.20,15058.74,8715.48
101632403,Fort Cherry SD,Washington,1066.24,1255.12,10066.43,5237.67,393.87,15697.97,0.00,636.44,16334.42,9628.49
101633903,McGuffey SD,Washington,1755.53,2063.90,9397.02,6027.69,546.54,15971.25,27.70,1578.56,17577.51,9800.04
101636503,Peters Township SD,Washington,4206.37,4859.87,8381.40,3856.20,328.97,12566.56,0.00,1356.92,13923.49,8665.02
101637002,Ringgold SD,Washington,3032.17,3559.88,7419.67,4403.36,301.11,12124.14,0.00,2059.14,14183.28,7206.72
101638003,Trinity Area SD,Washington,3313.30,3890.27,9190.83,4612.17,357.66,14160.66,0.00,1275.09,15435.75,9000.89
101638803,Washington SD,Washington,1564.89,1820.32,9468.80,4573.43,447.46,14489.69,0.00,2610.58,17100.27,8028.18
119648703,Wayne Highlands SD,Wayne,2660.44,3148.14,11334.58,5859.82,393.76,17588.16,0.00,1564.01,19152.18,10889.97
119648903,Western Wayne SD,Wayne,1991.98,2293.92,11199.16,6387.35,445.37,18031.87,0.00,1852.47,19884.34,10584.10
107650603,Belle Vernon Area SD,Westmoreland,2545.47,2991.09,9100.23,4110.33,430.44,13641.01,542.40,800.28,14983.70,8821.87
107650703,Burrell SD,Westmoreland,1798.44,2115.35,8775.83,5024.76,313.14,14113.74,0.00,1640.56,15754.30,9028.55
107651603,Derry Area SD,Westmoreland,2142.59,2516.26,9267.13,4763.27,332.87,14363.26,0.00,1333.08,15696.34,8502.14
107652603,Franklin Regional SD,Westmoreland,3500.04,4133.81,8856.43,4621.57,370.40,13848.40,0.00,1296.32,15144.72,9102.76
107653102,Greater Latrobe SD,Westmoreland,4065.02,4803.93,7832.08,3738.42,292.00,11862.51,294.76,1512.49,13669.75,7692.86
107653203,Greensburg Salem SD,Westmoreland,2986.77,3484.82,8658.26,4128.34,347.43,13134.03,0.00,1099.19,14233.23,8153.17
107653802,Hempfield Area SD,Westmoreland,5958.34,7011.65,9407.20,3848.17,304.29,13559.66,0.00,1568.26,15127.92,8838.92
107654103,Jeannette City SD,Westmoreland,1095.78,1263.26,10586.29,4898.13,382.03,15866.46,0.00,1784.53,17650.99,9222.10
107654403,Kiski Area SD,Westmoreland,3881.82,4558.23,8387.21,4069.41,310.82,12767.44,51.52,1267.54,14086.50,7649.17
107654903,Ligonier Valley SD,Westmoreland,1688.06,1994.05,9354.45,5456.54,291.77,15102.76,40.04,5458.81,20601.60,9099.25
107655803,Monessen City SD,Westmoreland,863.66,1009.97,10683.41,5287.54,407.44,16378.39,0.68,462.95,16842.02,9588.63
107655903,Mount Pleasant Area SD,Westmoreland,2181.90,2562.75,8458.82,4420.82,316.82,13196.45,0.00,4875.25,18071.71,8076.13
107656303,New Kensington-Arnold SD,Westmoreland,2199.09,2539.84,10078.35,4088.61,286.74,14453.71,0.00,1621.82,16075.52,8432.38
107656502,Norwin SD,Westmoreland,5313.00,6091.92,7416.19,3562.17,347.21,11325.56,0.00,1260.59,12586.15,7324.13
107657103,Penn-Trafford SD,Westmoreland,4000.82,4613.96,7688.64,4186.73,450.61,12325.99,0.00,672.09,12998.08,7993.06
107657503,Southmoreland SD,Westmoreland,1928.86,2253.38,8455.67,4316.20,429.91,13201.78,110.93,1332.81,14645.52,8169.27
107658903,Yough SD,Westmoreland,2163.05,2556.13,8550.66,4766.04,338.24,13654.94,0.00,4375.54,18030.48,7886.74
119665003,Lackawanna Trail SD,Wyoming,1084.54,1270.17,12413.88,5645.63,381.33,18440.84,5.10,484.42,18930.36,11542.94
118667503,Tunkhannock Area SD,Wyoming,2511.46,2950.47,12341.36,5470.18,379.78,18191.31,0.00,1217.67,19408.98,11705.74
112671303,Central York SD,York,5976.36,7024.24,7973.82,3662.57,270.86,11907.25,0.00,4266.16,16173.41,7903.44
112671603,Dallastown Area SD,York,6432.59,7537.48,9878.54,3771.32,272.39,13922.24,10.04,1150.82,15083.10,9205.58
112671803,Dover Area SD,York,3796.79,4422.63,9264.49,4169.31,259.20,13693.01,0.00,6904.14,20597.15,8732.03
112672203,Eastern York SD,York,2659.62,3100.82,9670.33,4331.44,366.04,14367.81,0.00,1537.51,15905.32,9179.51
112672803,Hanover Public SD,York,1921.45,2218.18,9774.55,4606.21,280.66,14661.42,0.00,1374.57,16035.99,9509.27
112674403,Northeastern York SD,York,4016.16,4684.34,9387.91,4041.16,196.78,13625.85,0.00,1863.07,15488.91,9006.44
115674603,Northern York County SD,York,3271.67,3729.97,7636.18,3916.91,437.24,11990.32,732.81,1121.03,13844.17,8633.59
112675503,Red Lion Area SD,York,5625.49,6480.40,8969.38,3903.37,226.10,13098.84,0.00,3381.82,16480.67,8411.61
112676203,South Eastern SD,York,2823.31,3302.60,10064.72,5316.39,371.44,15752.55,72.60,1543.67,17368.82,10045.93
112676403,South Western SD,York,4251.32,4851.04,8984.01,3974.52,245.60,13204.13,0.00,1190.30,14394.43,9079.61
112676503,Southern York County SD,York,3164.18,3702.37,9161.68,4920.52,255.76,14337.96,0.00,1634.17,15972.13,9418.21
112676703,Spring Grove Area SD,York,4003.38,4583.61,8612.19,5046.11,233.84,13892.14,0.00,1828.21,15720.35,9040.05
115219002,West Shore SD,York,8029.03,9162.59,7757.39,3549.81,191.14,11498.33,14.11,1387.66,12900.10,7477.57
112678503,West York Area SD,York,3304.90,3797.65,9600.78,4062.94,220.83,13884.55,0.00,1558.16,15442.72,9282.17
112679002,York City SD,York,8031.42,9214.31,9733.06,3561.62,108.57,13403.25,0.00,2597.98,16001.24,8110.85
112679403,York Suburban SD,York,3120.84,3565.25,9988.50,4329.38,319.67,14637.55,0.00,4183.76,18821.31,10216.90
