AUN,School District,County,2019-20 Average Daily Membership,2019-20 Weighted Average Daily Membership,"Instruction
per ADM","Support Services
per ADM","Non-Instructional
per ADM","Current Exp
per ADM","Facilites, Acquistion & Construction
per ADM","Other Financing Uses
per ADM","Total Exp
per ADM",
112011103,Bermudian Springs SD,Adams,2010.19,2362.74,8503.78,4322.57,500.61,13329.35,15.91,1431.80,14774.66,
112011603,Conewago Valley SD,Adams,4067.62,4768.53,10379.26,3413.62,217.71,14011.49,0.00,1068.13,15078.72,
112013054,Fairfield Area SD,Adams,1009.91,1192.61,9586.90,5465.85,499.01,15557.67,0.00,14629.35,30181.11,
112013753,Gettysburg Area SD,Adams,3187.49,3743.86,11786.96,5604.65,370.33,17763.81,5.74,2088.32,19856.00,
112015203,Littlestown Area SD,Adams,2139.99,2525.81,10094.75,4042.41,271.68,14410.84,0.00,1187.73,15596.56,
112018523,Upper Adams SD,Adams,1731.60,2028.41,9492.88,5273.85,409.53,15179.55,0.00,1175.20,16351.47,
103020603,Allegheny Valley SD,Allegheny,944.90,1078.20,12925.18,7873.21,688.39,21495.84,0.00,4075.22,25562.00,
103020753,Avonworth SD,Allegheny,1885.94,2178.97,10358.49,4973.00,573.22,15907.65,0.00,1751.86,17656.56,
103021102,Baldwin-Whitehall SD,Allegheny,4599.02,5373.88,8569.90,4230.76,254.21,13055.84,176.15,1822.60,15053.61,
103021252,Bethel Park SD,Allegheny,4146.91,4760.59,13005.93,5383.44,364.02,18754.77,2.28,1934.21,20689.86,
103021453,Brentwood Borough SD,Allegheny,1278.19,1501.38,11691.62,4857.38,610.03,17163.31,66.24,1417.70,18642.97,
103021603,Carlynton SD,Allegheny,1447.21,1682.87,12637.13,5957.45,437.45,19036.46,27.17,1188.43,20247.63,
103021752,Chartiers Valley SD,Allegheny,3369.64,3913.43,12055.52,5325.47,417.51,17800.21,0.00,1540.35,19338.86,
103021903,Clairton City SD,Allegheny,932.30,1074.74,12119.36,5617.65,413.66,18157.13,358.28,172.67,18681.61,
103022103,Cornell SD,Allegheny,631.39,736.58,13809.44,7630.32,699.36,22152.31,0.00,1782.94,23922.07,
103022253,Deer Lakes SD,Allegheny,1891.62,2218.64,11130.32,6703.78,367.46,18205.30,30.77,2096.19,20328.53,
103022503,Duquesne City SD,Allegheny,940.59,1095.69,15329.76,5967.17,96.43,21399.81,0.00,1743.47,23136.84,
103022803,East Allegheny SD,Allegheny,1788.13,2099.31,11218.47,5878.31,259.09,17359.31,116.42,1620.26,19092.55,
103023153,Elizabeth Forward SD,Allegheny,2338.76,2732.88,10195.50,5614.30,502.75,16315.16,0.00,1929.69,18242.23,
103023912,Fox Chapel Area SD,Allegheny,4140.62,4854.57,15043.81,7183.74,636.93,22866.37,66.12,1709.27,24639.87,
103024102,Gateway SD,Allegheny,3650.76,4278.96,13270.36,6633.82,324.32,20230.40,0.00,7279.35,27507.85,
103024603,Hampton Township SD,Allegheny,2818.24,3250.24,10979.13,5613.54,473.87,17068.71,0.00,1935.96,19002.51,
103024753,Highlands SD,Allegheny,2437.98,2868.97,11400.28,5360.85,319.58,17083.04,0.00,347.87,17428.57,
103025002,Keystone Oaks SD,Allegheny,1987.78,2317.01,12188.47,6406.69,477.14,19075.76,0.00,3226.33,22298.63,
103026002,McKeesport Area SD,Allegheny,3826.48,4456.74,10660.22,4152.70,294.55,15108.63,0.00,3411.22,18518.68,
103026303,Montour SD,Allegheny,3060.15,3571.89,12307.42,6202.83,479.72,18992.15,0.00,12252.33,31242.30,
103026343,Moon Area SD,Allegheny,4066.14,4752.95,11010.34,5110.68,323.32,16445.67,0.00,8138.97,24583.30,
103026402,Mt Lebanon SD,Allegheny,5566.00,6347.31,11026.45,4960.88,486.58,16474.89,0.00,2449.70,18923.61,
103026852,North Allegheny SD,Allegheny,8724.08,9928.71,11558.98,5939.17,421.58,17920.46,2.63,2608.06,20530.43,
103026902,North Hills SD,Allegheny,4583.94,5318.90,11470.04,4396.00,314.61,16181.67,0.00,1870.59,18051.24,
103026873,Northgate SD,Allegheny,1133.80,1304.96,13646.96,6504.64,448.34,20606.07,1273.73,665.04,22538.70,
103027352,Penn Hills SD,Allegheny,4186.05,4915.70,12196.74,5051.76,216.78,17466.54,0.00,2185.29,19650.57,
103021003,Pine-Richland SD,Allegheny,4609.49,5267.29,10798.24,4929.52,416.08,16145.00,0.00,5406.89,21550.73,
102027451,Pittsburgh SD,Allegheny,25743.92,29812.98,16971.86,8194.76,187.57,25354.52,47.03,2063.86,27465.08,
103027503,Plum Borough SD,Allegheny,3684.72,4239.95,9719.28,4554.08,360.00,14634.70,0.00,15334.18,29967.54,
103027753,Quaker Valley SD,Allegheny,1929.05,2270.52,13406.82,7707.04,827.91,21946.19,0.00,4672.57,26614.34,
103028203,Riverview SD,Allegheny,1051.73,1225.88,12071.00,7059.25,600.40,19737.93,69.39,2655.30,22455.34,
103028302,Shaler Area SD,Allegheny,4226.81,4950.87,12215.97,5676.31,451.89,18345.61,0.00,1839.68,20183.84,
103028653,South Allegheny SD,Allegheny,1606.20,1894.33,10289.41,4204.27,369.18,14865.70,1.57,1058.06,15922.48,
103028703,South Fayette Township SD,Allegheny,3506.75,3993.38,8479.99,5460.30,524.47,14466.47,0.00,2384.99,16849.76,
103028753,South Park SD,Allegheny,1834.47,2149.49,10270.03,5316.34,492.49,16082.03,0.00,3873.06,19951.92,
103028833,Steel Valley SD,Allegheny,1669.33,1951.78,15544.64,5951.92,396.03,21896.40,9.96,3256.67,25159.23,
103028853,Sto-Rox SD,Allegheny,1815.21,2079.27,11190.07,4446.11,170.01,15808.73,0.00,867.40,16673.59,
103029203,Upper Saint Clair SD,Allegheny,4141.47,4761.71,11004.87,6973.26,428.93,18408.85,0.00,4911.59,23318.65,
103029403,West Allegheny SD,Allegheny,3408.36,3963.90,9621.67,5992.42,488.18,16104.16,431.83,2365.73,18899.82,
103029553,West Jefferson Hills SD,Allegheny,3188.25,3711.13,9165.66,5653.84,502.43,15323.87,429.57,3966.75,19718.26,
103029603,West Mifflin Area SD,Allegheny,2544.99,2983.25,12583.29,6187.53,570.71,19344.18,35.29,2760.33,22137.15,
103029803,Wilkinsburg Borough SD,Allegheny,1143.68,1300.73,18510.07,6673.41,34.82,25224.16,0.00,1157.27,26375.57,
103029902,Woodland Hills SD,Allegheny,4551.12,5302.75,14157.64,4844.50,323.16,19326.44,0.00,2570.29,21895.60,
128030603,Apollo-Ridge SD,Armstrong,1230.92,1451.30,12001.64,6087.31,356.64,18450.83,0.00,1356.50,19802.09,
128030852,Armstrong SD,Armstrong,5366.03,6309.72,11614.22,4674.87,230.40,16520.41,43.13,1760.31,18322.94,
128033053,Freeport Area SD,Armstrong,1934.97,2264.78,9587.07,5019.39,306.22,14915.44,0.00,1874.34,16787.02,
128034503,Leechburg Area SD,Armstrong,740.01,865.60,12296.14,5534.09,656.66,18495.25,0.00,915.40,19402.29,
127040503,Aliquippa SD,Beaver,1190.93,1370.82,12280.23,5548.10,376.68,18209.99,16.79,4934.05,23155.85,
127040703,Ambridge Area SD,Beaver,2749.27,3213.15,11004.32,4818.13,305.02,16129.34,99.43,2100.42,18327.32,
127041203,Beaver Area SD,Beaver,2109.82,2482.15,8031.76,5687.84,411.38,14133.88,0.00,1705.05,15836.03,
127041503,Big Beaver Falls Area SD,Beaver,1824.99,2115.02,10062.10,4976.99,348.80,15390.80,161.81,747.74,16297.44,
127041603,Blackhawk SD,Beaver,2405.01,2831.15,9317.80,4654.67,486.04,14460.64,0.00,1358.42,15816.93,
127042003,Central Valley SD,Beaver,2435.69,2769.69,9462.63,4774.94,387.40,14627.09,0.00,1036.33,15661.30,
127042853,Freedom Area SD,Beaver,1364.00,1604.30,10435.82,4949.25,419.83,15808.83,50.16,903.56,16758.61,
127044103,Hopewell Area SD,Beaver,2257.26,2619.54,11468.09,5549.59,426.21,17446.54,0.00,1486.33,18930.22,
127045303,Midland Borough SD,Beaver,383.96,442.45,10226.18,4932.06,207.87,15379.50,0.00,503.13,15869.24,
127045653,New Brighton Area SD,Beaver,1426.42,1668.42,11171.96,5203.69,472.84,16852.47,4.77,1196.64,18049.90,
127045853,Riverside Beaver County SD,Beaver,1444.72,1697.52,10044.90,5278.44,368.22,15695.46,35.68,1256.02,16983.25,
127046903,Rochester Area SD,Beaver,788.48,916.91,14184.81,6834.12,432.97,21461.12,0.00,1662.56,23114.46,
127047404,South Side Area SD,Beaver,1032.79,1215.78,12654.50,7733.27,647.46,21043.33,82.29,1370.89,22488.40,
127049303,Western Beaver County SD,Beaver,735.86,857.47,12046.97,6363.98,494.82,18915.09,0.00,822.06,19727.83,
108051003,Bedford Area SD,Bedford,1922.97,2272.61,9017.83,5167.50,421.45,14609.69,0.00,1089.18,15695.96,
108051503,Chestnut Ridge SD,Bedford,1324.65,1567.04,9196.79,5384.16,344.82,14930.09,0.00,1310.90,16236.66,
108053003,Everett Area SD,Bedford,1243.42,1445.14,9006.17,5507.95,351.10,14869.94,87.43,2873.80,17826.46,
108056004,Northern Bedford County SD,Bedford,889.54,1025.46,9636.54,4366.24,374.98,14383.09,0.00,1196.33,15574.09,
108058003,Tussey Mountain SD,Bedford,927.90,1084.78,9974.39,5384.17,461.95,15826.80,435.57,2292.24,18548.32,
114060503,Antietam SD,Berks,1136.69,1325.61,10585.91,5007.99,348.39,15947.00,0.00,1674.84,17617.13,
114060753,Boyertown Area SD,Berks,7095.94,8118.23,10447.07,4734.87,222.14,15404.77,0.00,1149.04,16553.11,
114060853,Brandywine Heights Area SD,Berks,1450.28,1714.21,12421.07,6638.84,457.08,19521.87,538.15,2572.85,22627.99,
114061103,Conrad Weiser Area SD,Berks,2556.72,3012.29,12360.35,5348.27,494.80,18205.71,0.00,1988.57,20191.99,
114061503,Daniel Boone Area SD,Berks,3336.90,3878.52,10456.53,4660.07,300.75,15418.85,0.00,7895.18,23312.54,
114062003,Exeter Township SD,Berks,3948.87,4648.10,11566.05,5132.85,406.04,17106.34,24.11,7890.02,25019.07,
114062503,Fleetwood Area SD,Berks,2457.15,2914.87,11452.43,5184.47,291.72,16930.85,0.00,2448.92,19377.54,
114063003,Governor Mifflin SD,Berks,4313.42,5135.80,9976.30,4527.32,430.11,14934.88,4.10,1616.31,16554.14,
114063503,Hamburg Area SD,Berks,2185.27,2581.91,11286.88,5777.03,354.92,17421.64,2.47,2011.11,19432.41,
114064003,Kutztown Area SD,Berks,1413.09,1658.70,13119.46,7105.61,548.80,20779.29,406.36,7525.55,28705.78,
114065503,Muhlenberg SD,Berks,4123.55,4869.62,8912.80,4422.07,401.39,13737.43,0.00,1799.06,15535.31,
114066503,Oley Valley SD,Berks,1645.30,1941.19,11579.95,6339.71,404.50,18328.25,0.00,1905.28,20229.43,
114067002,Reading SD,Berks,18662.59,21428.70,8994.24,4210.83,175.52,13380.82,275.16,1313.70,14969.45,
114067503,Schuylkill Valley SD,Berks,2137.72,2497.31,11159.51,4979.84,521.93,16663.85,0.00,1535.33,18196.60,
114068003,Tulpehocken Area SD,Berks,1441.33,1693.20,12763.80,6224.23,302.35,19294.92,0.00,3642.91,22933.30,
114068103,Twin Valley SD,Berks,3261.42,3850.73,12111.08,5355.05,287.69,17755.55,0.14,1814.08,19568.04,
114069103,Wilson SD,Berks,6296.84,7392.95,10313.03,4511.43,386.21,15211.44,0.00,1745.28,16955.94,
114069353,Wyomissing Area SD,Berks,1959.04,2297.59,10867.35,5823.85,492.55,17186.97,0.00,2144.46,19328.20,
108070502,Altoona Area SD,Blair,7642.30,8913.20,9157.97,4346.83,264.88,13770.28,7.83,927.75,14705.26,
108071003,Bellwood-Antis SD,Blair,1250.71,1467.97,8771.62,4782.24,428.91,13986.94,499.64,6453.66,20936.07,
108071504,Claysburg-Kimmel SD,Blair,829.16,976.33,8342.86,5632.97,469.65,14452.84,0.00,1369.59,15815.07,
108073503,Hollidaysburg Area SD,Blair,3392.63,3995.74,8942.07,4496.89,287.46,13727.84,0.00,1317.54,15043.96,
108077503,Spring Cove SD,Blair,1773.32,2087.30,8371.15,4854.04,313.47,13541.58,0.00,9561.51,23100.18,
108078003,Tyrone Area SD,Blair,1847.67,2129.82,7917.87,4897.80,267.85,13086.31,3.73,0.01,13087.26,
108079004,Williamsburg Community SD,Blair,505.23,600.79,8483.16,5151.48,494.58,14140.40,0.00,1017.52,15146.74,
117080503,Athens Area SD,Bradford,2112.37,2483.41,11100.02,5498.49,306.10,16907.36,69.19,2097.15,19070.96,
117081003,Canton Area SD,Bradford,922.34,1081.36,10467.25,4931.91,693.86,16099.12,0.00,1014.33,17107.35,
117083004,Northeast Bradford SD,Bradford,760.38,902.24,11595.45,6344.53,356.37,18305.15,0.00,883.69,19180.03,
117086003,Sayre Area SD,Bradford,1058.45,1235.70,10973.37,5834.92,392.21,17206.38,7.25,915.29,18123.05,
117086503,Towanda Area SD,Bradford,1534.47,1777.29,10611.59,5227.85,394.47,16237.58,26.96,1814.18,18075.05,
117086653,Troy Area SD,Bradford,1502.08,1749.47,9746.19,5360.00,349.66,15459.65,0.00,1573.89,17029.73,
117089003,Wyalusing Area SD,Bradford,1350.69,1577.07,9811.81,5218.54,311.97,15346.42,0.00,2453.49,17795.81,
122091002,Bensalem Township SD,Bucks,7913.10,9256.97,12733.91,4968.33,199.93,17902.81,0.00,7431.01,25333.18,
122091303,Bristol Borough SD,Bucks,1396.50,1627.32,12929.93,3828.57,209.83,16971.22,285.36,1605.38,18859.07,
122091352,Bristol Township SD,Bucks,7284.56,8531.66,12450.85,4563.02,159.43,17173.94,0.00,5068.50,22241.80,
122092002,Centennial SD,Bucks,5602.19,6599.62,13628.52,6164.71,282.02,20076.40,10.50,1983.40,22069.14,
122092102,Central Bucks SD,Bucks,18235.35,21222.27,11199.25,5326.78,490.02,17016.35,0.00,1349.92,18365.95,
122092353,Council Rock SD,Bucks,10845.06,12556.58,14408.37,5520.82,301.14,20230.86,30.91,1993.65,22254.89,
122097203,Morrisville Borough SD,Bucks,1010.28,1181.15,15273.23,6216.06,420.36,21916.22,13.49,1356.13,23279.26,
122097502,Neshaminy SD,Bucks,9616.08,11270.59,11737.02,5181.86,188.04,17107.48,72.81,7190.53,24370.27,
122097604,New Hope-Solebury SD,Bucks,1375.41,1635.90,16196.91,9308.36,521.47,26033.89,17.77,4564.14,30608.66,
122098003,Palisades SD,Bucks,1579.95,1875.85,15711.81,8986.08,858.06,25562.19,255.12,1455.55,27266.63,
122098103,Pennridge SD,Bucks,7160.16,8308.31,12045.68,5589.96,231.67,17868.13,0.00,1667.59,19534.91,
122098202,Pennsbury SD,Bucks,10616.57,12428.26,12993.05,5333.62,110.88,18438.07,0.00,2995.19,21432.75,
122098403,Quakertown Community SD,Bucks,5234.37,6100.77,12522.53,5716.62,198.59,18438.88,21.57,2290.99,20750.30,
104101252,Butler Area SD,Butler,6571.48,7751.37,9620.72,4502.38,248.32,14372.15,0.00,1120.56,15491.98,
104103603,Karns City Area SD,Butler,1387.45,1629.13,10073.60,5981.86,424.38,16484.46,194.00,1469.89,18143.73,
104105003,Mars Area SD,Butler,3486.28,3953.54,8282.93,3710.34,358.70,12353.14,0.00,1863.52,14215.49,
104105353,Moniteau SD,Butler,1252.70,1471.83,9677.64,5641.13,750.16,16074.03,77.63,963.80,17110.36,
104107903,Seneca Valley SD,Butler,7454.94,8479.66,11092.24,4445.30,284.25,15822.43,3.10,1876.75,17701.65,
104107503,Slippery Rock Area SD,Butler,2015.60,2378.04,10246.20,4248.82,428.34,14925.67,0.00,1056.76,15980.10,
104107803,South Butler County SD,Butler,2235.47,2600.72,9208.32,4868.08,418.39,14497.16,0.00,1013.85,15508.65,
108110603,Blacklick Valley SD,Cambria,678.27,786.09,8432.86,5629.22,509.73,14580.86,0.00,8774.52,23346.33,
108111203,Cambria Heights SD,Cambria,1356.15,1601.25,10142.42,4557.86,442.08,15146.04,1089.34,744.66,16976.35,
108111303,Central Cambria SD,Cambria,1551.64,1820.95,9184.54,5156.62,375.29,14720.01,0.00,2121.86,16838.31,
108111403,Conemaugh Valley SD,Cambria,713.71,830.25,10012.22,6473.59,607.75,17103.48,0.00,1153.58,18247.13,
108112003,Ferndale Area SD,Cambria,645.83,750.70,10807.70,6180.30,442.77,17441.03,0.00,0.00,17430.77,
108112203,Forest Hills SD,Cambria,1822.73,2089.11,8487.32,4458.02,439.64,13387.67,0.00,2452.55,15837.54,
108112502,Greater Johnstown SD,Cambria,3000.56,3464.50,10499.48,3936.99,309.28,14747.16,0.00,1599.93,16345.68,
108114503,Northern Cambria SD,Cambria,1025.13,1228.38,10130.95,5475.98,404.50,16017.17,24.72,1011.44,17047.60,
108116003,Penn Cambria SD,Cambria,1627.74,1927.58,9216.72,4557.02,340.99,14117.73,503.51,975.29,15593.52,
108116303,Portage Area SD,Cambria,887.38,1013.30,8315.92,5205.95,585.07,14113.45,0.00,9507.29,23614.21,
108116503,Richland SD,Cambria,1551.64,1819.47,8166.07,4945.62,558.04,13673.27,0.00,1706.82,15376.55,
108118503,Westmont Hilltop SD,Cambria,1542.87,1828.58,8481.78,4180.14,373.48,13038.35,29.75,1347.57,14412.72,
109122703,Cameron County SD,Cameron,549.86,638.22,13414.23,7285.26,484.41,21198.03,0.00,6514.70,27698.60,
121135003,Jim Thorpe Area SD,Carbon,2261.31,2672.61,13802.83,5530.85,474.17,19810.51,0.00,4912.03,24719.89,
121135503,Lehighton Area SD,Carbon,2445.60,2884.44,11134.05,4100.34,372.72,15608.95,126.22,1542.20,17275.53,
121136503,Palmerton Area SD,Carbon,1882.73,2206.74,11027.96,4112.36,514.42,15657.20,0.00,1419.07,17073.81,
121136603,Panther Valley SD,Carbon,1857.13,2174.54,10677.45,3322.29,218.34,14220.00,0.00,4427.35,18645.44,
121139004,Weatherly Area SD,Carbon,666.60,781.37,12502.54,7496.33,372.64,20383.31,0.00,746.90,21118.41,
110141003,Bald Eagle Area SD,Centre,1581.42,1860.98,11063.24,6539.36,498.82,18105.88,579.04,7016.81,25697.28,
110141103,Bellefonte Area SD,Centre,2834.85,3327.73,10833.77,6426.27,361.16,17623.60,0.00,1530.22,19151.42,
110147003,Penns Valley Area SD,Centre,1507.84,1763.43,9760.11,6858.32,446.13,17069.41,0.00,2099.17,19163.73,
110148002,State College Area SD,Centre,7125.72,8379.11,12667.65,6491.07,391.29,19550.97,4.30,2684.01,22238.32,
124150503,Avon Grove SD,Chester,5831.60,6863.67,10144.09,4088.71,207.88,14441.41,0.00,1181.71,15622.39,
124151902,Coatesville Area SD,Chester,8833.52,10273.28,15270.91,4343.19,114.42,19729.02,0.00,1113.99,20842.51,
124152003,Downingtown Area SD,Chester,13709.34,15828.06,10111.09,4667.69,272.91,15052.05,24.24,1571.65,16647.58,
124153503,Great Valley SD,Chester,4542.47,5310.25,13168.29,6478.35,365.69,20013.84,0.00,2285.81,22298.14,
124154003,Kennett Consolidated SD,Chester,4348.69,5125.25,10915.94,5707.26,350.89,16975.49,51.98,3252.59,20278.66,
124156503,Octorara Area SD,Chester,2434.37,2871.48,13524.96,5720.17,312.18,19559.79,0.00,2381.82,21939.13,
124156603,Owen J Roberts SD,Chester,5721.90,6531.65,10917.24,5643.58,343.74,16905.60,0.00,2060.79,18965.35,
124156703,Oxford Area SD,Chester,4137.06,4895.53,11206.81,4066.35,247.66,15521.86,0.00,6023.95,21544.77,
124157203,Phoenixville Area SD,Chester,4493.94,5211.00,11780.48,5426.55,431.67,17640.00,0.00,2695.27,20333.97,
124157802,Tredyffrin-Easttown SD,Chester,7333.98,8413.55,12456.31,5881.38,253.99,18592.51,0.00,1632.79,20224.47,
124158503,Unionville-Chadds Ford SD,Chester,4022.09,4642.03,12655.40,6743.45,433.07,19833.70,0.00,2327.88,22159.80,
124159002,West Chester Area SD,Chester,12722.57,14901.82,10937.73,4913.95,381.55,16233.65,0.00,2514.69,18747.92,
106160303,Allegheny-Clarion Valley SD,Clarion,657.29,764.60,15420.75,7601.04,438.92,23472.95,0.00,882.13,24342.84,
106161203,Clarion Area SD,Clarion,760.25,896.11,11642.51,5188.78,490.10,17328.86,0.00,2199.61,19521.01,
106161703,Clarion-Limestone Area SD,Clarion,835.49,976.66,11161.01,5831.87,347.96,17348.25,0.00,520.34,17861.19,
106166503,Keystone SD,Clarion,944.22,1124.68,10644.01,5625.62,273.44,16549.32,0.00,976.89,17519.96,
106167504,North Clarion County SD,Clarion,594.58,699.05,10428.89,5034.05,211.03,15682.79,0.00,1237.70,16911.67,
106168003,Redbank Valley SD,Clarion,1145.05,1333.04,10204.86,4776.37,354.54,15340.25,0.00,610.42,15946.19,
106169003,Union SD,Clarion,592.59,692.63,11250.78,7028.21,387.66,18679.16,0.00,751.28,19417.93,
110171003,Clearfield Area SD,Clearfield,2195.61,2580.69,10842.12,5671.95,334.83,16851.64,3.54,5869.86,22722.31,
110171803,Curwensville Area SD,Clearfield,1054.05,1235.05,10349.49,4928.13,410.22,15692.90,545.39,1315.90,17549.13,
106172003,DuBois Area SD,Clearfield,3676.01,4315.31,9533.77,4833.59,213.23,14581.97,243.22,1618.10,16441.92,
110173003,Glendale SD,Clearfield,739.57,873.32,10335.08,5918.18,464.06,16725.95,0.00,547.04,17264.37,
110173504,Harmony Area SD,Clearfield,254.24,298.86,12750.25,7771.85,435.55,20989.93,0.00,2619.22,23576.87,
110175003,Moshannon Valley SD,Clearfield,866.74,1018.11,9951.13,5523.93,449.70,15931.65,3.46,2384.26,18312.48,
110177003,Philipsburg-Osceola Area SD,Clearfield,1714.77,2000.41,11483.73,6072.78,490.03,18050.36,0.00,1527.46,19573.99,
110179003,West Branch Area SD,Clearfield,973.57,1144.46,11173.01,5608.50,448.03,17235.76,109.47,1329.33,18668.34,
110183602,Keystone Central SD,Clinton,4234.99,4983.49,11564.64,4802.14,254.91,16622.88,0.00,762.01,17383.70,
116191004,Benton Area SD,Columbia,713.65,837.68,10565.60,7530.38,382.06,18489.14,0.00,12926.62,31404.67,
116191103,Berwick Area SD,Columbia,2992.67,3512.91,10373.42,4688.71,328.87,15392.69,288.64,503.18,16182.83,
116191203,Bloomsburg Area SD,Columbia,1681.26,1978.66,9626.34,5266.99,436.09,15332.81,0.00,4896.41,20225.83,
116191503,Central Columbia SD,Columbia,1969.41,2315.27,9422.55,4980.85,328.96,14735.06,0.00,9791.64,24524.00,
116195004,Millville Area SD,Columbia,692.86,823.81,12495.46,7568.57,388.19,20463.70,0.00,913.89,21366.11,
116197503,Southern Columbia Area SD,Columbia,1342.78,1584.86,9904.70,4860.91,424.75,15194.30,0.00,1511.65,16702.01,
105201033,Conneaut SD,Crawford,1964.29,2317.28,10830.48,6832.87,393.30,18060.34,0.00,2162.03,20218.69,
105201352,Crawford Central SD,Crawford,3588.03,4222.87,9528.86,5441.13,316.50,15288.10,0.00,3856.68,19143.17,
105204703,Penncrest SD,Crawford,2732.85,3225.08,12045.28,5526.65,326.54,17900.61,0.00,600.53,18499.01,
115210503,Big Spring SD,Cumberland,2616.81,3063.73,12041.85,5717.10,395.08,18156.36,0.00,2227.54,20381.56,
115211003,Camp Hill SD,Cumberland,1331.07,1542.95,10770.35,4990.14,661.86,16426.60,0.00,8846.74,25269.10,
115211103,Carlisle Area SD,Cumberland,5317.60,6223.47,8933.68,4611.85,286.59,13833.05,0.00,2146.01,15978.14,
115211603,Cumberland Valley SD,Cumberland,9739.45,11032.79,7860.28,4818.19,231.87,12910.86,22.24,1294.77,14227.36,
115212503,East Pennsboro Area SD,Cumberland,2746.37,3205.77,9630.80,4234.47,260.13,14127.04,119.97,1540.28,15785.65,
115216503,Mechanicsburg Area SD,Cumberland,4570.22,5285.10,9650.30,4295.16,472.24,14418.74,8.49,1626.67,16052.85,
115218003,Shippensburg Area SD,Cumberland,3587.99,4213.59,8908.83,3867.88,231.13,13008.98,270.41,1094.04,14372.29,
115218303,South Middleton SD,Cumberland,2183.70,2560.22,9190.11,5404.25,385.25,14982.26,0.00,1919.86,16899.47,
115221402,Central Dauphin SD,Dauphin,13309.91,15081.46,9879.68,4032.60,224.75,14137.34,0.00,1039.49,15176.51,
115221753,Derry Township SD,Dauphin,3610.51,4279.88,9905.59,5825.33,440.61,16173.25,0.00,1806.94,17978.46,
115222504,Halifax Area SD,Dauphin,1005.79,1185.81,11661.34,6256.80,427.05,18351.83,0.00,10170.37,28515.56,
115222752,Harrisburg City SD,Dauphin,7876.19,9013.80,11104.68,4618.89,140.14,15864.31,0.00,2532.87,18396.57,
115224003,Lower Dauphin SD,Dauphin,3852.82,4530.60,10518.47,4832.67,240.93,15593.39,0.00,1253.54,16845.61,
115226003,Middletown Area SD,Dauphin,2638.00,3077.53,10071.94,5560.44,509.83,16144.51,56.67,2606.41,18805.29,
115226103,Millersburg Area SD,Dauphin,798.67,933.29,11455.50,5163.38,401.02,17026.85,35.89,12269.19,29324.96,
115228003,Steelton-Highspire SD,Dauphin,1503.19,1744.31,10642.43,4951.36,132.55,15729.73,0.00,1740.78,17467.12,
115228303,Susquehanna Township SD,Dauphin,3229.69,3755.53,10174.36,4461.61,287.34,14924.79,0.00,10861.93,25785.25,
115229003,Upper Dauphin Area SD,Dauphin,1149.58,1359.34,11251.88,5100.33,346.20,16703.14,35.38,1091.78,17825.56,
125231232,Chester-Upland SD,Delaware,6773.59,7773.30,14562.88,4104.09,73.62,18741.22,19.45,1465.42,20225.47,
125231303,Chichester SD,Delaware,3426.88,3988.47,13839.33,6631.53,451.67,20924.60,2.54,2149.71,23074.79,
125234103,Garnet Valley SD,Delaware,4726.10,5451.28,14431.20,5277.84,480.45,20190.71,16.44,2925.61,23131.54,
125234502,Haverford Township SD,Delaware,6618.29,7467.73,11460.26,5320.37,235.67,17017.14,0.00,1692.03,18708.33,
125235103,Interboro SD,Delaware,3416.28,3987.96,12473.76,6021.61,278.66,18775.87,9.11,1232.78,20015.92,
125235502,Marple Newtown SD,Delaware,3540.79,4019.21,13131.66,8449.61,425.84,22009.61,0.00,4075.79,26082.89,
125236903,Penn-Delco SD,Delaware,3471.12,3963.49,9921.44,5886.96,298.32,16108.50,4.52,2617.56,18728.79,
125237603,Radnor Township SD,Delaware,3834.73,4488.79,14940.70,8223.42,347.15,23513.51,0.00,1877.11,25388.39,
125237702,Ridley SD,Delaware,5776.03,6624.67,13499.90,5228.21,202.06,18931.11,0.00,2184.08,21114.25,
125237903,Rose Tree Media SD,Delaware,4007.08,4557.01,13796.54,7501.87,425.76,21726.15,0.00,2777.50,24501.67,
125238402,Southeast Delco SD,Delaware,4747.09,5533.77,11102.96,4609.49,211.03,15924.50,0.00,1397.81,17321.29,
125238502,Springfield SD,Delaware,4305.59,4882.99,10245.16,5252.70,429.84,15929.01,0.00,2064.27,17991.96,
125239452,Upper Darby SD,Delaware,13538.10,15385.38,10053.10,4214.91,359.45,14627.80,167.44,763.78,15558.68,
125239603,Wallingford-Swarthmore SD,Delaware,3750.57,4271.97,13392.98,6570.98,424.14,20389.97,0.00,2033.60,22421.70,
125239652,William Penn SD,Delaware,5717.40,6618.33,12157.51,4762.11,270.72,17191.22,0.00,730.65,17921.00,
109243503,Johnsonburg Area SD,Elk,556.11,655.50,10263.08,6742.48,505.45,17524.04,88.52,0.02,17599.54,
109246003,Ridgway Area SD,Elk,812.67,944.99,11150.20,5568.14,275.12,17000.65,0.00,116.90,17110.36,
109248003,Saint Marys Area SD,Elk,2020.26,2390.11,8655.45,4985.01,287.71,13930.77,0.00,796.60,14724.76,
105251453,Corry Area SD,Erie,1992.29,2346.75,9773.49,5243.86,484.95,15505.18,10.39,1401.55,16914.23,
105252602,Erie City SD,Erie,12595.81,14600.12,10485.11,3730.14,116.99,14332.54,17.80,2607.25,16957.28,
105253303,Fairview SD,Erie,1803.03,2098.27,7661.39,4520.72,473.38,12658.26,0.00,2007.51,14663.00,
105253553,Fort LeBoeuf SD,Erie,2143.30,2521.60,9421.79,4709.11,310.63,14443.87,8.55,1822.19,16272.27,
105253903,General McLane SD,Erie,2134.77,2512.51,9556.84,4934.16,408.12,14901.63,0.00,742.07,15641.19,
105254053,Girard SD,Erie,1662.98,1911.82,9572.96,4678.72,391.84,14646.56,0.00,1548.04,16191.55,
105254353,Harbor Creek SD,Erie,2155.28,2534.86,9326.37,4212.84,264.38,13805.66,0.00,2057.54,15861.12,
105256553,Iroquois SD,Erie,1239.15,1451.21,9611.07,5031.28,427.81,15074.56,1241.93,12571.03,28883.12,
105257602,Millcreek Township SD,Erie,6585.59,7784.62,8822.30,4949.78,261.20,14034.07,12.32,1232.07,15277.66,
105258303,North East SD,Erie,1679.77,1974.11,8714.74,4148.44,360.68,13226.54,0.00,1926.07,15149.92,
105258503,Northwestern SD,Erie,1379.45,1625.30,9909.82,4515.14,367.18,14795.68,0.00,76.13,14868.27,
105259103,Union City Area SD,Erie,1057.34,1210.82,10049.39,5083.09,522.49,15660.27,117.13,2447.25,18219.34,
105259703,Wattsburg Area SD,Erie,1327.48,1557.40,9758.80,6703.10,474.88,16942.19,0.00,4410.24,21347.02,
101260303,Albert Gallatin Area SD,Fayette,3360.25,3940.67,9741.76,4664.74,221.57,14629.53,1.38,1252.80,15882.25,
101260803,Brownsville Area SD,Fayette,1680.13,1961.89,10308.44,5239.35,329.09,15880.20,0.00,5437.68,21314.56,
101261302,Connellsville Area SD,Fayette,4373.53,5144.06,10363.97,4576.27,271.41,15212.76,0.00,1710.56,16922.22,
101262903,Frazier SD,Fayette,1159.87,1334.10,10146.08,4330.46,370.07,14850.66,0.00,1178.47,16025.07,
101264003,Laurel Highlands SD,Fayette,2952.25,3467.97,10677.26,5016.96,232.96,15928.96,0.00,1588.22,17515.40,
101268003,Uniontown Area SD,Fayette,2819.40,3293.10,10534.91,5116.45,197.35,15850.59,8.51,1039.73,16896.95,
106272003,Forest Area SD,Forest,439.68,521.48,16034.95,10864.89,658.02,27584.07,1354.12,1733.65,30645.62,
112281302,Chambersburg Area SD,Franklin,9777.52,11437.82,8994.11,4147.89,216.10,13358.55,0.00,4903.33,18261.43,
112282004,Fannett-Metal SD,Franklin,461.53,548.94,11390.18,5982.19,372.72,17758.86,545.09,91.15,18381.33,
112283003,Greencastle-Antrim SD,Franklin,3062.66,3595.11,8939.26,3485.13,221.40,12646.99,14.08,1422.18,14082.04,
112286003,Tuscarora SD,Franklin,2433.22,2843.81,8634.33,5247.36,301.83,14185.80,0.00,5764.31,19947.83,
112289003,Waynesboro Area SD,Franklin,4606.49,5394.22,8941.19,3357.15,198.77,12497.89,73.35,4165.60,16736.06,
111291304,Central Fulton SD,Fulton,1034.14,1173.20,10147.03,4424.02,817.32,15393.45,1.51,900.17,16290.05,
111292304,Forbes Road SD,Fulton,380.15,437.35,11076.43,6683.31,377.56,18155.87,318.48,1714.93,20170.70,
111297504,Southern Fulton SD,Fulton,740.37,863.10,10848.73,5595.07,334.63,16786.44,0.00,747.25,17525.68,
101301303,Carmichaels Area SD,Greene,1095.81,1284.65,9424.86,4490.39,498.29,14418.09,1.19,1546.44,15961.17,
101301403,Central Greene SD,Greene,1679.70,1974.41,10653.45,5999.16,404.99,17061.42,0.00,1868.62,18926.23,
101303503,Jefferson-Morgan SD,Greene,781.43,903.91,11467.10,6321.79,481.45,18279.05,0.00,1064.45,19334.79,
101306503,Southeastern Greene SD,Greene,598.73,699.07,11266.12,6786.41,518.78,18583.51,0.00,6.92,18578.23,
101308503,West Greene SD,Greene,663.34,776.19,14246.22,7276.43,544.76,22079.20,0.00,1401.45,23468.86,
111312503,Huntingdon Area SD,Huntingdon,1959.22,2293.54,8926.76,5351.08,294.74,14575.46,0.00,9855.86,24428.43,
111312804,Juniata Valley SD,Huntingdon,743.74,877.99,9236.59,4784.63,488.34,14516.65,31.64,2067.89,16609.09,
111316003,Mount Union Area SD,Huntingdon,1352.92,1591.79,10431.10,3988.46,340.60,14763.36,0.00,1406.14,16166.30,
111317503,Southern Huntingdon County SD,Huntingdon,1127.83,1320.98,9132.21,5084.71,212.33,14433.94,0.00,729.69,15158.94,
128321103,Blairsville-Saltsburg SD,Indiana,1511.22,1767.46,13428.70,6529.73,565.81,20528.94,0.00,2453.64,22977.89,
128323303,Homer-Center SD,Indiana,851.01,1006.51,11655.91,5612.63,588.11,17863.94,0.00,2848.07,20704.72,
128323703,Indiana Area SD,Indiana,2866.04,3371.21,12357.30,4877.87,352.00,17589.01,0.00,1484.68,19071.86,
128325203,Marion Center Area SD,Indiana,1270.66,1489.27,12036.78,6211.24,399.56,18652.78,0.00,1033.92,19681.50,
128326303,Penns Manor Area SD,Indiana,796.99,936.00,13688.31,6800.92,556.75,21055.21,0.00,1155.76,22201.74,
128327303,Purchase Line SD,Indiana,872.60,1021.04,12842.35,7674.24,333.30,20859.06,4.57,1329.70,22184.15,
128328003,United SD,Indiana,1007.98,1192.53,12859.05,6516.40,372.04,19754.32,22.99,1530.58,21301.06,
106330703,Brockway Area SD,Jefferson,1020.77,1198.68,9405.07,5288.07,468.82,15167.59,13.00,89.33,15264.28,
106330803,Brookville Area SD,Jefferson,1538.17,1803.72,9257.35,5144.90,350.32,14756.14,112.70,1229.29,16094.56,
106338003,Punxsutawney Area SD,Jefferson,2163.43,2539.45,10643.62,5816.69,378.98,16842.15,15.33,1148.52,18003.13,
111343603,Juniata County SD,Juniata,2749.39,3270.95,8801.69,4175.72,241.67,13220.68,6.54,1348.45,14574.07,
119350303,Abington Heights SD,Lackawanna,3492.99,3979.34,9011.31,3923.15,242.09,13177.74,0.00,914.87,14091.42,
119351303,Carbondale Area SD,Lackawanna,1630.65,1915.11,10567.02,3678.61,231.17,14479.20,0.00,1194.88,15671.68,
119352203,Dunmore SD,Lackawanna,1545.09,1811.89,9616.14,3739.59,496.66,13855.13,0.00,805.10,14657.49,
119354603,Lakeland SD,Lackawanna,1512.59,1783.71,9262.31,4972.36,411.31,14649.53,0.00,525.67,15171.64,
119355503,Mid Valley SD,Lackawanna,1937.83,2250.85,9436.93,3785.74,339.51,13564.31,0.00,1196.80,14758.98,
119356503,North Pocono SD,Lackawanna,3052.27,3588.36,11161.52,5481.78,415.74,17060.97,61.33,1919.76,19040.13,
119356603,Old Forge SD,Lackawanna,983.91,1146.87,9643.63,3721.34,415.62,13784.79,50.48,840.42,14671.49,
119357003,Riverside SD,Lackawanna,1577.26,1846.87,10248.11,4276.90,265.76,14793.65,124.21,1620.99,16535.97,
119357402,Scranton SD,Lackawanna,10199.09,11637.07,10671.98,4034.76,125.19,14832.34,0.00,1797.38,16629.31,
119358403,Valley View SD,Lackawanna,2488.59,2916.60,9458.73,3917.30,227.07,13604.76,0.00,1101.30,14704.40,
113361303,Cocalico SD,Lancaster,3032.26,3453.96,11650.77,5457.27,434.40,17544.38,0.00,2203.51,19745.95,
113361503,Columbia Borough SD,Lancaster,1429.16,1669.76,10720.72,4543.97,203.75,15471.76,0.00,1865.97,17334.41,
113361703,Conestoga Valley SD,Lancaster,4270.05,4994.03,10595.62,4075.82,363.01,15035.49,0.70,1321.23,16356.39,
113362203,Donegal SD,Lancaster,3078.43,3497.83,10125.63,4090.34,259.12,14476.50,0.00,1940.51,16415.60,
113362303,Eastern Lancaster County SD,Lancaster,3052.58,3509.79,9844.76,6558.93,370.54,16776.50,298.23,1743.89,18816.34,
113362403,Elizabethtown Area SD,Lancaster,3924.05,4503.83,10328.38,4571.65,310.30,15211.58,0.00,1083.17,16293.51,
113362603,Ephrata Area SD,Lancaster,4265.72,4864.44,9445.95,5044.37,360.57,14852.15,0.00,1586.05,16436.94,
113363103,Hempfield SD,Lancaster,7246.63,8271.52,11050.23,4263.88,254.86,15569.60,0.00,1180.17,16749.15,
113363603,Lampeter-Strasburg SD,Lancaster,3101.33,3543.17,10161.30,4671.76,349.01,15183.68,0.00,1990.77,17172.83,
113364002,Lancaster SD,Lancaster,10511.90,12213.56,13272.85,6722.88,224.72,20221.11,213.03,1889.22,22322.70,
113364403,Manheim Central SD,Lancaster,3093.19,3624.03,10352.40,5027.30,388.39,15769.84,0.00,2638.62,18406.71,
113364503,Manheim Township SD,Lancaster,6071.72,7099.20,8970.68,4825.04,260.05,14056.60,6.58,2508.92,16571.25,
113365203,Penn Manor SD,Lancaster,5534.89,6268.42,9409.60,4309.18,250.87,13970.48,0.00,2026.03,15995.68,
113365303,Pequea Valley SD,Lancaster,1504.90,1752.04,13992.01,8463.51,532.98,22994.47,0.00,2484.72,25473.22,
113367003,Solanco SD,Lancaster,3388.98,3933.86,9649.28,5273.00,308.87,15232.79,0.00,1307.92,16539.07,
113369003,Warwick SD,Lancaster,4086.12,4814.25,10026.66,4521.78,372.64,14922.28,166.10,3638.97,18726.16,
104372003,Ellwood City Area SD,Lawrence,1742.90,2045.78,10368.77,4936.79,300.53,15609.10,0.00,804.01,16410.10,
104374003,Laurel SD,Lawrence,1076.84,1271.28,10203.52,5708.72,510.03,16428.05,299.32,1194.49,17916.08,
104375003,Mohawk Area SD,Lawrence,1519.11,1778.65,10149.28,4332.45,337.17,14821.98,167.43,1133.99,16120.33,
104375203,Neshannock Township SD,Lawrence,1285.17,1514.92,9152.09,4508.53,448.05,14112.51,0.00,1347.31,15455.97,
104375302,New Castle Area SD,Lawrence,3350.91,3899.31,11210.81,3827.48,287.21,15326.72,0.00,1435.77,16761.27,
104376203,Shenango Area SD,Lawrence,1147.10,1351.38,10500.46,4429.17,489.25,15423.17,0.00,582.21,16001.09,
104377003,Union Area SD,Lawrence,786.38,897.89,10008.62,4619.00,502.97,15137.11,0.00,24.41,15155.01,
104378003,Wilmington Area SD,Lawrence,1082.34,1280.54,10744.99,5884.49,478.00,17113.36,86.56,1521.39,18715.43,
113380303,Annville-Cleona SD,Lebanon,1476.74,1687.39,8862.29,5561.98,507.60,14935.99,0.00,1367.20,16299.08,
113381303,Cornwall-Lebanon SD,Lebanon,5015.28,5778.65,9950.80,4298.41,279.19,14529.32,0.00,1336.26,15864.66,
113382303,Eastern Lebanon County SD,Lebanon,2553.78,2886.18,9918.51,4720.64,360.87,15002.02,0.00,1552.77,16552.80,
113384603,Lebanon SD,Lebanon,5407.15,6219.72,8242.94,4000.32,255.04,12499.08,32.00,1046.00,13576.30,
113385003,Northern Lebanon SD,Lebanon,2398.85,2731.38,10229.84,4976.54,294.17,15502.75,7.52,1075.50,16583.57,
113385303,Palmyra Area SD,Lebanon,3702.11,4284.85,8371.64,4008.24,274.04,12655.07,1.92,2081.04,14736.87,
121390302,Allentown City SD,Lehigh,21222.20,24715.08,11264.59,3416.44,187.59,14868.79,7.42,934.66,15810.70,
121391303,Catasauqua Area SD,Lehigh,1648.84,1927.09,11660.69,5110.03,432.14,17206.22,19.94,1444.65,18667.45,
121392303,East Penn SD,Lehigh,8726.43,10308.97,10642.84,4711.76,214.29,15569.46,0.00,1426.07,16994.96,
121394503,Northern Lehigh SD,Lehigh,1614.17,1881.44,11643.00,6270.94,503.66,18421.80,481.06,2112.38,21011.04,
121394603,Northwestern Lehigh SD,Lehigh,2156.13,2547.81,11521.99,6719.33,466.34,18711.00,0.12,2056.23,20764.01,
121395103,Parkland SD,Lehigh,9932.15,11678.02,11491.23,5124.10,224.58,16840.45,0.00,1636.42,18476.33,
121395603,Salisbury Township SD,Lehigh,1710.45,2019.99,12178.02,8087.01,563.17,20833.26,10.87,10498.63,31337.71,
121395703,Southern Lehigh SD,Lehigh,3274.63,3799.35,11715.07,6204.44,454.72,18376.26,0.00,2099.02,20473.25,
121397803,Whitehall-Coplay SD,Lehigh,4644.06,5479.15,9914.70,4350.27,277.72,14543.69,1.36,1098.19,15642.25,
118401403,Crestwood SD,Luzerne,2915.56,3432.03,8958.18,3949.53,301.55,13210.72,0.00,555.93,13765.20,
118401603,Dallas SD,Luzerne,2573.62,2946.73,9716.23,4182.78,443.94,14344.74,0.00,1407.46,15750.41,
118402603,Greater Nanticoke Area SD,Luzerne,2431.75,2850.02,8852.01,3689.80,367.89,12911.37,50.79,685.88,13646.37,
118403003,Hanover Area SD,Luzerne,2146.79,2515.43,10430.53,4154.88,226.45,14813.91,0.00,1096.15,15908.02,
118403302,Hazleton Area SD,Luzerne,11920.22,13913.77,8717.45,3141.74,204.61,12064.08,27.48,2429.79,14521.06,
118403903,Lake-Lehman SD,Luzerne,1790.22,2121.05,10284.62,4844.38,361.62,15493.53,0.00,1294.21,16784.83,
118406003,Northwest Area SD,Luzerne,1090.61,1294.49,12208.68,5217.10,326.87,17757.73,0.00,991.83,18744.48,
118406602,Pittston Area SD,Luzerne,3343.86,3923.52,9411.01,4492.51,270.60,14175.53,0.00,1536.33,15710.44,
118408852,Wilkes-Barre Area SD,Luzerne,7969.60,9265.81,10674.67,3475.24,224.42,14374.79,0.00,1089.54,15463.87,
118409203,Wyoming Area SD,Luzerne,2233.44,2646.67,10737.57,4771.99,329.89,15841.74,0.00,461.31,16300.76,
118409302,Wyoming Valley West SD,Luzerne,5201.90,6086.05,11117.75,3134.36,176.69,14429.44,159.91,567.12,15155.84,
117412003,East Lycoming SD,Lycoming,1667.18,1946.28,8933.55,4535.99,391.73,13864.22,26.10,1533.53,15420.90,
117414003,Jersey Shore Area SD,Lycoming,2439.23,2882.22,10472.51,4590.79,291.93,15357.24,0.00,1317.85,16673.09,
117414203,Loyalsock Township SD,Lycoming,1587.24,1857.29,8600.65,4444.80,335.06,13383.53,75.90,1980.21,15436.62,
117415004,Montgomery Area SD,Lycoming,889.54,1031.12,10660.42,5021.37,640.36,16328.51,0.00,1791.25,18113.39,
117415103,Montoursville Area SD,Lycoming,1974.25,2322.85,9174.09,4192.15,254.12,13622.62,0.00,1752.69,15373.06,
117415303,Muncy SD,Lycoming,1024.18,1203.95,10375.02,5241.39,743.41,16365.67,0.00,1712.61,18072.43,
117416103,South Williamsport Area SD,Lycoming,1307.44,1527.77,8753.57,4006.27,346.92,13110.09,0.00,1375.66,14482.41,
117417202,Williamsport Area SD,Lycoming,5062.03,5911.26,10626.66,5142.38,245.49,16015.60,0.00,1672.68,17687.22,
109420803,Bradford Area SD,McKean,2569.83,3007.67,9162.97,5073.03,308.73,14546.82,17.10,1275.04,15836.87,
109422303,Kane Area SD,McKean,1083.75,1286.61,9085.92,4898.66,448.38,14437.90,23.11,1287.72,15743.80,
109426003,Otto-Eldred SD,McKean,606.30,710.50,11312.64,5961.28,417.97,17702.41,0.00,1146.28,18838.17,
109426303,Port Allegany SD,McKean,908.38,1056.76,10031.97,4695.87,374.63,15108.05,0.00,1394.71,16497.18,
109427503,Smethport Area SD,McKean,774.79,907.75,10864.29,6299.03,395.63,17567.58,0.00,2017.81,19576.75,
104431304,Commodore Perry SD,Mercer,465.93,543.36,11730.84,6118.04,439.63,18302.59,30.86,691.76,19011.13,
104432503,Farrell Area SD,Mercer,693.72,811.03,15361.20,7251.69,1552.53,24178.11,0.00,2064.53,26229.95,
104432803,Greenville Area SD,Mercer,1320.31,1555.08,9740.35,4090.39,833.03,14667.50,0.00,1596.75,16260.52,
104432903,Grove City Area SD,Mercer,1897.45,2172.85,14045.32,5979.81,506.76,20535.31,0.00,1009.43,21541.32,
104433303,Hermitage SD,Mercer,2100.36,2464.79,9218.84,4119.95,438.60,13779.57,59.99,1653.57,15490.96,
104433604,Jamestown Area SD,Mercer,439.59,523.93,11371.70,7770.07,411.77,19572.15,0.00,1867.61,21421.15,
104433903,Lakeview SD,Mercer,974.78,1161.26,11815.94,5438.48,453.81,17714.28,0.00,795.45,18503.68,
104435003,Mercer Area SD,Mercer,1067.35,1256.38,9764.44,5209.48,591.58,15570.94,0.00,6852.88,22418.39,
104435303,Reynolds SD,Mercer,1014.32,1195.57,11840.97,6124.17,513.66,18485.34,0.00,1189.63,19668.43,
104435603,Sharon City SD,Mercer,2040.25,2383.81,12188.64,4352.52,457.78,17001.30,0.00,2246.88,19245.82,
104435703,Sharpsville Area SD,Mercer,1129.88,1339.24,9497.63,4482.29,343.33,14327.52,0.00,1373.01,15696.27,
104437503,West Middlesex Area SD,Mercer,815.09,965.87,11614.27,5527.29,619.84,17768.95,0.00,2344.61,20106.01,
111444602,Mifflin County SD,Mifflin,5035.09,5905.27,8842.34,4338.74,205.74,13387.72,0.00,2523.22,15910.04,
120452003,East Stroudsburg Area SD,Monroe,6908.39,8196.69,12801.82,7183.38,399.84,20386.14,0.00,2532.42,22917.46,
120455203,Pleasant Valley SD,Monroe,4605.31,5446.43,13820.86,6561.43,364.40,20748.20,5.19,443.17,21195.05,
120455403,Pocono Mountain SD,Monroe,9301.96,10998.61,13386.74,6795.23,418.65,20601.39,0.00,2271.71,22872.32,
120456003,Stroudsburg Area SD,Monroe,5265.80,6227.49,12643.50,5927.82,313.22,18885.73,0.00,3079.09,21963.63,
123460302,Abington SD,Montgomery,8620.65,10039.31,10791.29,5938.61,163.99,16894.59,32.46,1512.23,18438.58,
123460504,Bryn Athyn SD,Montgomery,1.00,1.36,112876.00,47813.00,0.00,208502.00,0.00,0.00,160689.00,
123461302,Cheltenham SD,Montgomery,4507.70,5294.49,15542.43,7909.43,574.38,24028.13,6.48,2374.39,26407.11,
123461602,Colonial SD,Montgomery,5329.84,6188.18,14752.66,6875.10,353.20,21982.32,1.96,1774.48,23757.40,
123463603,Hatboro-Horsham SD,Montgomery,4664.74,5470.86,12912.56,7199.90,292.82,20406.89,0.00,2403.29,22808.58,
123463803,Jenkintown SD,Montgomery,733.58,855.30,14132.18,6998.98,448.15,21589.46,0.00,1805.75,23385.06,
123464502,Lower Merion SD,Montgomery,8876.86,10217.82,17384.32,9008.52,590.31,26984.23,0.00,4469.74,31452.89,
123464603,Lower Moreland Township SD,Montgomery,2417.43,2853.94,12778.52,5680.01,344.23,18805.25,0.00,2041.37,20844.13,
123465303,Methacton SD,Montgomery,4825.18,5522.44,12800.78,7206.96,316.91,20326.21,0.00,2148.86,22473.50,
123465602,Norristown Area SD,Montgomery,8225.32,9512.58,12433.82,5473.20,247.32,18155.03,0.00,1052.14,19206.47,
123465702,North Penn SD,Montgomery,13030.69,15280.11,12984.39,5979.19,221.89,19185.94,0.00,5325.88,24511.34,
123466103,Perkiomen Valley SD,Montgomery,5477.57,6285.61,11597.10,5640.24,321.82,17560.24,287.68,1993.00,19839.82,
123466303,Pottsgrove SD,Montgomery,3359.81,3950.30,12007.89,5576.61,344.03,17930.30,0.00,1471.71,19400.25,
123466403,Pottstown SD,Montgomery,3444.71,3974.59,11599.45,5256.36,261.38,17118.80,223.56,1077.32,18418.08,
123467103,Souderton Area SD,Montgomery,6747.49,7762.05,11734.43,5334.83,198.08,17268.15,0.00,1490.11,18757.45,
123467203,Springfield Township SD,Montgomery,2605.22,3021.39,12105.64,6676.93,418.33,19203.62,0.00,3219.03,22419.93,
123467303,Spring-Ford Area SD,Montgomery,8306.54,9511.64,11648.89,5583.52,305.47,17538.59,6.91,2128.94,19673.73,
123468303,Upper Dublin SD,Montgomery,4103.24,4807.05,14111.27,6726.45,424.07,21263.54,0.00,2992.07,24253.87,
123468402,Upper Merion Area SD,Montgomery,4276.78,4958.88,14386.86,7270.65,468.38,22127.71,0.00,3708.19,25834.09,
123468503,Upper Moreland Township SD,Montgomery,3273.03,3802.76,11278.58,6026.16,228.35,17535.00,0.00,3193.27,20726.36,
123468603,Upper Perkiomen SD,Montgomery,3470.64,3970.82,10355.12,4917.16,268.65,15542.43,7.28,1481.63,17029.85,
123469303,Wissahickon SD,Montgomery,4915.02,5721.90,14355.30,5954.89,411.21,20722.70,0.00,1065.45,21786.85,
116471803,Danville Area SD,Montour,2434.11,2851.15,10570.79,4934.88,393.24,15901.10,0.00,1295.57,17194.49,
120480803,Bangor Area SD,Northampton,3125.71,3690.67,10547.47,5309.93,422.78,16282.01,0.00,1862.00,18142.18,
120481002,Bethlehem Area SD,Northampton,15554.17,18287.71,11593.55,4716.97,234.51,16545.35,6.74,1709.25,18261.02,
120483302,Easton Area SD,Northampton,9298.62,10958.52,11388.31,4894.88,427.91,16711.67,0.00,6854.54,23565.64,
120484803,Nazareth Area SD,Northampton,4972.74,5866.81,11008.53,5202.01,381.42,16593.09,0.00,1898.50,18490.47,
120484903,Northampton Area SD,Northampton,5729.66,6778.45,11386.62,5331.31,317.52,17036.44,0.00,1769.24,18804.70,
120485603,Pen Argyl Area SD,Northampton,1588.41,1883.84,10842.77,6300.22,667.35,17814.73,0.00,946.45,18756.79,
120486003,Saucon Valley SD,Northampton,2248.19,2662.69,11997.23,7072.65,510.40,19583.65,0.00,872.78,20453.06,
120488603,Wilson Area SD,Northampton,2399.62,2815.27,10441.12,4945.95,400.37,15789.66,0.00,10916.76,26704.19,
116493503,Line Mountain SD,Northumberland,1149.02,1361.20,9370.70,5868.17,352.52,15596.80,0.00,8929.86,24521.25,
116495003,Milton Area SD,Northumberland,2038.72,2385.72,10150.07,5368.78,378.12,15899.79,334.60,986.50,17218.07,
116495103,Mount Carmel Area SD,Northumberland,1554.72,1813.51,8886.27,3421.26,296.60,12606.52,0.00,623.67,13227.80,
116496503,Shamokin Area SD,Northumberland,2327.57,2732.30,9215.05,4258.31,252.41,13727.71,0.00,228.98,13954.75,
116496603,Shikellamy SD,Northumberland,3046.66,3554.73,10823.96,3888.46,167.17,14880.91,0.00,4428.09,19307.68,
116498003,Warrior Run SD,Northumberland,1527.77,1799.00,8658.47,4368.58,243.18,13273.25,814.08,2062.81,16147.12,
115503004,Greenwood SD,Perry,799.22,939.44,10054.40,5414.05,505.68,15981.53,73.40,1974.88,18022.40,
115504003,Newport SD,Perry,1081.67,1271.84,11808.39,4921.59,394.49,17129.39,21.27,10638.52,27784.28,
115506003,Susquenita SD,Perry,1901.33,2196.54,10224.50,5230.53,240.62,15698.53,0.00,1707.61,17403.26,
115508003,West Perry SD,Perry,2395.03,2811.77,10036.26,5348.15,159.41,15546.12,0.00,2230.78,17774.60,
126515001,Philadelphia City SD,Philadelphia,204489.70,236622.83,12349.38,4005.00,87.58,16441.98,90.76,3111.55,19644.27,
120522003,Delaware Valley SD,Pike,4477.05,5308.51,11613.47,5726.32,510.83,17852.02,0.00,717.51,18568.14,
119648303,Wallenpaupack Area SD,Pike,2982.53,3530.65,14452.68,7555.93,1031.35,23042.84,0.00,2081.77,25121.73,
109530304,Austin Area SD,Potter,156.19,182.78,15275.36,9856.02,506.82,25704.55,0.00,97.45,25735.65,
109531304,Coudersport Area SD,Potter,766.66,902.69,9593.55,5280.58,447.63,15329.23,0.00,1589.36,16911.13,
109532804,Galeton Area SD,Potter,347.23,401.66,13001.95,6466.58,566.44,20055.23,0.00,1582.55,21617.52,
109535504,Northern Potter SD,Potter,530.35,611.49,11647.55,6679.37,230.39,18570.34,172.30,918.50,19648.11,
109537504,Oswayo Valley SD,Potter,403.09,463.69,11899.67,7844.89,688.70,20454.43,573.57,1661.00,22667.83,
129540803,Blue Mountain SD,Schuylkill,2646.45,3122.33,9435.16,5588.09,468.22,15493.76,717.91,5314.74,21524.12,
129544503,Mahanoy Area SD,Schuylkill,1021.68,1193.27,11304.20,6003.77,478.69,17793.00,1.47,900.87,18689.00,
129544703,Minersville Area SD,Schuylkill,1197.33,1392.34,11167.57,4819.65,393.03,16384.60,54.20,3852.53,20286.98,
129545003,North Schuylkill SD,Schuylkill,2089.86,2458.86,9173.34,4472.46,386.44,14034.56,7.46,10833.00,24872.71,
129546003,Pine Grove Area SD,Schuylkill,1619.24,1919.88,9131.82,4602.14,292.24,14029.22,463.13,1256.89,15746.22,
129546103,Pottsville Area SD,Schuylkill,2458.05,2899.27,10786.66,4805.37,418.93,16013.09,0.00,741.17,16752.13,
129546803,Saint Clair Area SD,Schuylkill,806.36,937.84,8649.14,3378.76,191.03,12223.35,0.00,6106.64,18325.56,
129547303,Schuylkill Haven Area SD,Schuylkill,1156.85,1361.78,10237.91,6293.33,402.55,16939.58,387.34,1487.79,18808.92,
129547203,Shenandoah Valley SD,Schuylkill,1160.19,1350.48,10226.05,4001.22,271.33,14502.28,0.00,11519.83,26018.43,
129547603,Tamaqua Area SD,Schuylkill,2299.61,2649.36,8636.31,4121.76,223.21,12983.17,650.60,1041.83,14673.71,
129547803,Tri-Valley SD,Schuylkill,912.28,1059.93,8628.73,4476.77,341.26,13452.04,0.00,1020.72,14467.48,
129548803,Williams Valley SD,Schuylkill,1060.67,1247.24,10986.31,4620.32,342.96,15954.27,0.00,290.10,16239.69,
116555003,Midd-West SD,Snyder,2184.82,2571.66,10083.38,4820.39,228.88,15134.96,1.62,2074.57,17208.85,
116557103,Selinsgrove Area SD,Snyder,2685.91,3176.52,9528.19,5144.53,322.67,14997.42,0.00,1203.69,16199.07,
108561003,Berlin Brothersvalley SD,Somerset,712.80,828.47,9850.20,4889.41,531.02,15278.24,0.00,1743.75,17014.38,
108561803,Conemaugh Township Area SD,Somerset,916.76,1081.70,8913.66,5361.22,512.96,14794.24,1.70,1383.79,16173.32,
108565203,Meyersdale Area SD,Somerset,822.52,975.38,10401.36,5642.47,462.44,16513.70,7.52,2192.29,18706.09,
108565503,North Star SD,Somerset,1103.48,1279.24,9161.88,5551.90,327.27,15046.38,0.00,1338.38,16379.43,
108566303,Rockwood Area SD,Somerset,698.01,830.10,9749.40,5531.47,396.94,15686.30,909.77,90.55,16678.13,
108567004,Salisbury-Elk Lick SD,Somerset,268.51,310.22,10633.34,6377.90,394.91,17431.38,596.01,1367.45,19369.62,
108567204,Shade-Central City SD,Somerset,381.51,456.18,13336.23,7045.17,637.75,21039.28,22.18,2904.67,23946.00,
108567404,Shanksville-Stonycreek SD,Somerset,307.30,346.57,12432.23,7346.59,371.75,20175.69,0.00,3148.75,23299.32,
108567703,Somerset Area SD,Somerset,2061.49,2417.26,10714.20,5427.85,577.29,16722.25,0.00,1833.53,18552.87,
108568404,Turkeyfoot Valley Area SD,Somerset,308.74,358.26,10344.61,7786.97,326.50,18484.35,0.00,51.02,18509.09,
108569103,Windber Area SD,Somerset,1243.32,1449.58,8936.68,3731.01,410.77,13081.79,0.00,1032.53,14110.98,
117576303,Sullivan County SD,Sullivan,641.78,751.64,14333.96,8347.18,557.64,23252.66,44.64,946.48,24229.90,
119581003,Blue Ridge SD,Susquehanna,1012.65,1146.33,10864.99,6059.45,403.72,17334.54,0.00,2109.17,19437.33,
119582503,Elk Lake SD,Susquehanna,1153.89,1345.44,11545.35,4971.27,405.70,16926.98,0.00,1254.98,18177.30,
119583003,Forest City Regional SD,Susquehanna,779.97,905.94,12182.24,6151.73,334.41,18676.69,0.00,1040.94,19709.32,
119584503,Montrose Area SD,Susquehanna,1291.85,1513.53,12162.12,6824.44,332.49,19324.59,0.00,739.04,20058.09,
119584603,Mountain View SD,Susquehanna,954.54,1116.76,13566.34,7132.03,440.32,21146.63,0.00,1489.61,22628.30,
119586503,Susquehanna Community SD,Susquehanna,857.96,968.08,12081.23,6249.44,448.12,18786.59,0.00,1497.15,20275.94,
117596003,Northern Tioga SD,Tioga,2116.55,2449.20,10373.38,4527.76,313.77,15217.20,0.00,989.36,16204.27,
117597003,Southern Tioga SD,Tioga,1859.71,2176.64,9689.77,5278.23,315.99,15287.00,0.00,1667.90,16951.89,
117598503,Wellsboro Area SD,Tioga,1579.99,1837.79,9255.09,5006.57,304.56,14569.58,0.00,1614.30,16180.52,
116604003,Lewisburg Area SD,Union,1953.56,2291.12,10541.02,5469.36,500.36,16513.80,0.00,5425.62,21936.36,
116605003,Mifflinburg Area SD,Union,2064.28,2430.18,9472.99,5183.33,243.47,14902.42,0.00,12210.64,27110.43,
106611303,Cranberry Area SD,Venango,1172.01,1362.08,10413.72,4979.78,337.09,15735.13,58.22,566.53,16355.34,
106612203,Franklin Area SD,Venango,1932.62,2255.77,10794.99,5021.41,342.35,16161.52,0.00,761.75,16920.50,
106616203,Oil City Area SD,Venango,1949.77,2295.82,10085.88,5134.93,371.20,15594.83,72.31,1563.32,17227.63,
106617203,Titusville Area SD,Venango,1980.04,2237.44,9574.68,5412.98,413.21,15403.81,0.00,1330.45,16731.31,
106618603,Valley Grove SD,Venango,821.57,967.44,10990.75,5347.02,274.57,16619.18,160.69,688.46,17461.49,
105628302,Warren County SD,Warren,4429.69,5212.27,10006.97,6062.83,235.47,16306.69,0.00,1703.10,18008.36,
101630504,Avella Area SD,Washington,503.54,597.68,12292.66,6883.52,806.71,19998.17,0.00,1610.04,21592.94,
101630903,Bentworth SD,Washington,1100.55,1297.09,9681.63,4843.59,410.74,14940.74,189.12,1879.31,17004.39,
101631003,Bethlehem-Center SD,Washington,1199.49,1412.06,11507.94,5013.59,297.71,16823.66,32.03,253.82,17105.09,
101631203,Burgettstown Area SD,Washington,1127.74,1325.67,11007.95,5415.41,368.58,16797.07,26.60,2025.56,18844.10,
101631503,California Area SD,Washington,924.54,1082.83,9345.75,4909.52,398.23,14659.24,0.00,1980.88,16634.38,
101631703,Canon-McMillan SD,Washington,5551.58,6355.93,8120.21,5037.27,331.62,13490.07,75.38,2496.72,16061.20,
101631803,Charleroi SD,Washington,1502.53,1762.19,9610.16,4810.39,299.45,14723.40,0.00,1986.89,16706.89,
101631903,Chartiers-Houston SD,Washington,1194.31,1392.07,0.00,0.00,0.00,0.00,0.00,0.00,0.00,
101632403,Fort Cherry SD,Washington,1004.68,1191.42,11307.46,6047.73,452.14,17813.80,0.00,1119.93,18927.25,
101633903,McGuffey SD,Washington,1580.39,1846.86,10372.25,6671.23,582.06,17630.12,0.00,1917.49,19543.03,
101636503,Peters Township SD,Washington,4028.60,4629.33,9728.16,4687.20,397.98,14814.60,0.00,2127.60,16940.93,
101637002,Ringgold SD,Washington,2905.71,3405.18,8602.06,4839.55,311.25,13754.62,0.03,2662.38,16415.26,
101638003,Trinity Area SD,Washington,3361.26,3921.77,10362.89,5427.78,419.13,16211.54,0.00,1484.17,17693.98,
101638803,Washington SD,Washington,1537.94,1782.45,10325.45,5801.37,471.26,16602.16,0.00,2871.81,19469.89,
119648703,Wayne Highlands SD,Wayne,2589.72,3050.33,13132.98,6755.57,442.62,20333.96,290.65,1577.18,22199.01,
119648903,Western Wayne SD,Wayne,1898.11,2169.95,13309.15,7820.13,523.52,21657.19,0.00,2158.59,23811.39,
107650603,Belle Vernon Area SD,Westmoreland,2479.87,2913.72,9175.76,4316.12,478.47,13972.28,0.00,1462.02,15432.37,
107650703,Burrell SD,Westmoreland,1818.97,2143.88,9988.04,4917.13,360.74,15268.82,0.00,2094.25,17360.17,
107651603,Derry Area SD,Westmoreland,1999.88,2344.22,10718.43,5386.39,349.68,16457.36,0.00,10612.42,27066.91,
107652603,Franklin Regional SD,Westmoreland,3446.31,4060.87,10440.56,4997.30,432.26,15871.70,0.00,1051.79,16921.91,
107653102,Greater Latrobe SD,Westmoreland,3737.06,4432.97,9273.96,4225.57,335.85,13836.60,584.19,1087.73,15507.30,
107653203,Greensburg Salem SD,Westmoreland,2768.84,3241.54,10252.72,4437.57,379.61,15071.64,0.00,1774.98,16844.88,
107653802,Hempfield Area SD,Westmoreland,5671.07,6667.85,10517.93,4047.75,294.45,14860.89,8.17,1527.29,16395.59,
107654103,Jeannette City SD,Westmoreland,1048.98,1219.73,10805.01,5305.09,408.27,16523.81,0.00,2027.32,18545.69,
107654403,Kiski Area SD,Westmoreland,3683.65,4313.70,9847.05,4504.54,344.19,14697.09,0.00,1340.26,16036.04,
107654903,Ligonier Valley SD,Westmoreland,1607.36,1900.16,10857.24,6008.20,385.21,17254.62,5.30,1965.97,19221.92,
107655803,Monessen City SD,Westmoreland,790.02,925.72,12048.18,6101.77,389.48,18547.65,0.37,1433.67,19973.48,
107655903,Mount Pleasant Area SD,Westmoreland,2098.08,2459.73,9421.81,4503.20,346.12,14273.44,0.00,1729.07,16000.20,
107656303,New Kensington-Arnold SD,Westmoreland,1950.52,2248.63,12369.57,4753.65,289.15,17414.96,0.00,1758.25,19170.62,
107656502,Norwin SD,Westmoreland,5458.11,6309.91,7862.50,3435.52,348.72,11647.43,0.00,1255.38,12902.11,
107657103,Penn-Trafford SD,Westmoreland,3950.88,4545.12,8630.99,4522.89,453.08,13608.21,0.00,3503.35,17110.30,
107657503,Southmoreland SD,Westmoreland,1970.05,2301.03,8864.33,4380.43,382.97,13630.14,50.75,1412.45,15090.93,
107658903,Yough SD,Westmoreland,1947.73,2292.63,10100.96,5489.75,391.96,15985.69,6.12,1495.90,17484.69,
119665003,Lackawanna Trail SD,Wyoming,1039.59,1224.38,12613.34,5604.81,481.61,18705.62,701.21,402.95,19803.93,
118667503,Tunkhannock Area SD,Wyoming,2263.95,2683.43,12499.89,6368.77,459.88,19331.56,0.31,1665.48,20994.33,
112671303,Central York SD,York,5973.80,7021.17,9585.03,4341.25,281.63,14208.68,0.00,1319.49,15527.40,
112671603,Dallastown Area SD,York,6765.37,7934.04,10685.50,4044.08,247.10,14977.31,70.50,1580.43,16627.61,
112671803,Dover Area SD,York,3657.75,4266.49,10738.04,5037.87,259.30,16036.66,0.00,5778.97,21814.18,
112672203,Eastern York SD,York,2611.23,3062.86,10573.77,4614.15,361.10,15550.92,0.00,2848.68,18397.70,
112672803,Hanover Public SD,York,2077.32,2402.01,10263.26,4604.36,288.87,15158.85,0.00,1255.30,16411.80,
112674403,Northeastern York SD,York,4177.16,4896.60,10440.94,4561.15,223.97,15227.21,0.00,1865.81,17091.88,
115674603,Northern York County SD,York,3382.82,3851.83,8383.45,4700.71,447.35,13533.04,195.62,3106.93,16834.07,
112675503,Red Lion Area SD,York,5433.80,6274.73,10054.97,4607.22,224.89,14887.97,0.00,4090.45,18977.54,
112676203,South Eastern SD,York,2696.70,3161.44,12248.84,5897.83,406.02,18555.02,181.52,1413.45,20147.65,
112676403,South Western SD,York,4472.02,5230.15,10110.02,4352.94,253.69,14717.69,0.00,1096.61,15813.27,
112676503,Southern York County SD,York,3097.56,3653.35,10004.87,5472.25,297.92,15776.91,0.00,2139.26,17914.30,
112676703,Spring Grove Area SD,York,4134.36,4859.83,9779.94,5088.17,263.64,15133.04,0.00,1896.89,17028.63,
115219002,West Shore SD,York,7970.20,9069.18,9906.58,4631.56,230.35,14769.10,779.83,901.74,16450.06,
112678503,West York Area SD,York,3266.81,3840.66,11639.00,5727.14,264.25,17632.22,0.00,13802.64,31433.03,
112679002,York City SD,York,8275.37,9544.61,12163.94,4492.05,139.36,16795.91,0.00,3723.13,20518.49,
112679403,York Suburban SD,York,3259.44,3839.60,11481.23,4597.59,306.65,16386.98,0.00,2061.70,18447.18,
